"1", "varprop", 2438, 2221.13856631635, 51513.3733669508, 268, "vgood", "7-1"
"2", "delta", 2438, 2110.26419012868, 18285.7533315174, 268, "vgood", "7-1"
"3", "onestage", 2438, 2245.09886897072, 58818.6985561671, 268, "vgood", "7-1"
"1", "varprop", 2470, 2592.2785108897, 64370.8708209706, 291, "vgood", "7-161"
"2", "delta", 2470, 2432.12673418981, 21698.7948141694, 291, "vgood", "7-161"
"3", "onestage", 2470, 2538.46564222274, 64725.0521662252, 291, "vgood", "7-161"
"1", "varprop", 2490, 2626.32606856112, 66087.9066101957, 290, "vgood", "7-41"
"2", "delta", 2490, 2441.34158391998, 22628.3500107592, 290, "vgood", "7-41"
"3", "onestage", 2490, 2726.52254416876, 74632.0404946001, 290, "vgood", "7-41"
"1", "varprop", 2426, 2447.7259455815, 59898.3343488866, 280, "vgood", "7-81"
"2", "delta", 2426, 2266.98810682458, 20141.3095091705, 280, "vgood", "7-81"
"3", "onestage", 2426, 2469.1746438005, 66073.8890684293, 280, "vgood", "7-81"
"1", "varprop", 2526, 3074.01701073597, 87960.7547573754, 317, "vgood", "7-121"
"2", "delta", 2526, 2868.55625641085, 28187.5553707682, 317, "vgood", "7-121"
"3", "onestage", 2526, 3002.29009098015, 84363.7277153864, 317, "vgood", "7-121"
"1", "varprop", 2459, 2091.68885634417, 45488.3964156614, 280, "vgood", "7-162"
"2", "delta", 2459, 2078.62483666121, 16936.355480765, 280, "vgood", "7-162"
"3", "onestage", 2459, 2133.831651112, 50860.5958256718, 280, "vgood", "7-162"
"1", "varprop", 2571, 2580.37851564793, 66428.8869571884, 297, "vgood", "7-2"
"2", "delta", 2571, 2481.00018325763, 23332.7811322333, 297, "vgood", "7-2"
"3", "onestage", 2571, 2511.96752656251, 62165.2903378707, 297, "vgood", "7-2"
"1", "varprop", 2435, 2774.82100496132, 77490.8041009156, 292, "vgood", "7-82"
"2", "delta", 2435, 2545.87162812586, 24281.8965619253, 292, "vgood", "7-82"
"3", "onestage", 2435, 2692.20180703783, 73389.2677028043, 292, "vgood", "7-82"
"1", "varprop", 2504, 2417.27136384485, 61678.860299761, 292, "vgood", "7-122"
"2", "delta", 2504, 2331.55895873216, 20926.4721850815, 292, "vgood", "7-122"
"3", "onestage", 2504, 2407.77286662316, 62204.7427188499, 292, "vgood", "7-122"
"1", "varprop", 2471, 2434.82458837814, 55634.9093111548, 306, "vgood", "7-42"
"2", "delta", 2471, 2308.03476772386, 18962.9994127989, 306, "vgood", "7-42"
"3", "onestage", 2471, 2388.62141285508, 56980.6092188657, 306, "vgood", "7-42"
"1", "varprop", 2558, 2498.88962362571, 60957.0558014092, 288, "vgood", "7-163"
"2", "delta", 2558, 2320.76304609707, 20384.5720053076, 288, "vgood", "7-163"
"3", "onestage", 2558, 2428.59199705661, 59802.1643005771, 288, "vgood", "7-163"
"1", "varprop", 2518, 2304.98542405503, 54791.7062313602, 298, "vgood", "7-83"
"2", "delta", 2518, 2150.11717494703, 16730.7354138277, 298, "vgood", "7-83"
"3", "onestage", 2518, 2244.24198165111, 52788.3347326739, 298, "vgood", "7-83"
"1", "varprop", 2490, 2786.70634565476, 69866.7077835712, 318, "vgood", "7-3"
"2", "delta", 2490, 2541.87099592931, 22022.4628547109, 318, "vgood", "7-3"
"3", "onestage", 2490, 2737.31850874942, 68047.682662084, 318, "vgood", "7-3"
"1", "varprop", 2444, 2299.96559940574, 53700.4921211412, 302, "vgood", "7-123"
"2", "delta", 2444, 2222.80285920571, 17627.7355408467, 302, "vgood", "7-123"
"3", "onestage", 2444, 2296.59852769836, 56466.0202636886, 302, "vgood", "7-123"
"1", "varprop", 2519, 2486.79300962985, 58988.5360827066, 290, "vgood", "7-43"
"2", "delta", 2519, 2358.53715505369, 20592.0665604239, 290, "vgood", "7-43"
"3", "onestage", 2519, 2460.70322640826, 62122.4390218058, 290, "vgood", "7-43"
"1", "varprop", 2533, 2357.33755528774, 60820.4490020935, 277, "vgood", "7-84"
"2", "delta", 2533, 2278.84377158747, 20540.5573853151, 277, "vgood", "7-84"
"3", "onestage", 2533, 2457.64246844007, 69351.3553140434, 277, "vgood", "7-84"
"1", "varprop", 2527, 3018.34758136637, 75623.5997958062, 336, "vgood", "7-164"
"2", "delta", 2527, 2861.2147021291, 27043.1471370776, 336, "vgood", "7-164"
"3", "onestage", 2527, 2981.99510764355, 76876.1966901197, 336, "vgood", "7-164"
"1", "varprop", 2500, 2475.27225056322, 61696.2657617399, 285, "vgood", "7-4"
"2", "delta", 2500, 2261.49994650648, 19584.4970701375, 285, "vgood", "7-4"
"3", "onestage", 2500, 2540.96373003143, 64972.4027213599, 285, "vgood", "7-4"
"1", "varprop", 2404, 2096.55457778667, 48018.6995844318, 265, "vgood", "7-44"
"2", "delta", 2404, 2007.36459139395, 16361.2179919429, 265, "vgood", "7-44"
"3", "onestage", 2404, 2219.04859332025, 57078.9843337993, 265, "vgood", "7-44"
"1", "varprop", 2536, 2908.44713720313, 77662.9286351331, 305, "vgood", "7-124"
"2", "delta", 2536, 2717.05927450163, 26304.4744195725, 305, "vgood", "7-124"
"3", "onestage", 2536, 2929.59921390554, 83810.2210281043, 305, "vgood", "7-124"
"1", "varprop", 2517, 2059.27006459041, 44204.3889488368, 276, "vgood", "7-85"
"2", "delta", 2517, 1953.63998883931, 15356.9446253426, 276, "vgood", "7-85"
"3", "onestage", 2517, 2116.59300347266, 52321.0738730805, 276, "vgood", "7-85"
"1", "varprop", 2496, 2686.77464879244, 73620.0436854514, 285, "vgood", "7-5"
"2", "delta", 2496, 2482.7290160383, 24149.1927411691, 285, "vgood", "7-5"
"3", "onestage", 2496, 2567.8457713191, 68720.6285210105, 285, "vgood", "7-5"
"1", "varprop", 2516, 2569.49167388729, 62774.9362934833, 316, "vgood", "7-165"
"2", "delta", 2516, 2390.32302005366, 19601.9813265485, 316, "vgood", "7-165"
"3", "onestage", 2516, 2504.25191753256, 58241.4061201824, 316, "vgood", "7-165"
"1", "varprop", 2521, 2606.62444824122, 72505.9721186434, 275, "vgood", "7-125"
"2", "delta", 2521, 2448.99757061661, 24252.465938121, 275, "vgood", "7-125"
"3", "onestage", 2521, 2502.51105129369, 69061.8987847378, 275, "vgood", "7-125"
"1", "varprop", 2577, 2371.97907665063, 46553.1536790043, 316, "vgood", "7-45"
"2", "delta", 2577, 2291.60333690559, 17976.9845207855, 316, "vgood", "7-45"
"3", "onestage", 2577, 2414.54919630047, 58197.1393871522, 316, "vgood", "7-45"
"1", "varprop", 2592, 2577.32976054, 66381.8904168521, 285, "vgood", "7-86"
"2", "delta", 2592, 2437.43336797864, 22457.7710920892, 285, "vgood", "7-86"
"3", "onestage", 2592, 2568.74560099313, 63320.692404806, 285, "vgood", "7-86"
"1", "varprop", 2521, 2213.26081930571, 49499.4550685672, 288, "vgood", "7-166"
"2", "delta", 2521, 2090.1938606145, 16708.267182021, 288, "vgood", "7-166"
"3", "onestage", 2521, 2243.61846832544, 54420.9084511858, 288, "vgood", "7-166"
"1", "varprop", 2524, 2741.8939073994, 68142.0266454704, 314, "vgood", "7-6"
"2", "delta", 2524, 2514.62047805476, 21944.3375854618, 314, "vgood", "7-6"
"3", "onestage", 2524, 2620.84433236555, 63936.3402877378, 314, "vgood", "7-6"
"1", "varprop", 2495, 2630.72341699685, 69738.6659118141, 304, "vgood", "7-126"
"2", "delta", 2495, 2521.08054721446, 22882.145647924, 304, "vgood", "7-126"
"3", "onestage", 2495, 2617.49015841002, 68627.7377124252, 304, "vgood", "7-126"
"1", "varprop", 2550, 2912.19678243345, 77316.0603903255, 309, "vgood", "7-46"
"2", "delta", 2550, 2759.3665668636, 26598.87457028, 309, "vgood", "7-46"
"3", "onestage", 2550, 2943.81545873915, 82883.2910293447, 309, "vgood", "7-46"
"1", "varprop", 2440, 2144.75138127542, 50124.9503377442, 270, "vgood", "7-87"
"2", "delta", 2440, 2002.68385163593, 16205.3807213866, 270, "vgood", "7-87"
"3", "onestage", 2440, 2148.85971182364, 53463.9278675712, 270, "vgood", "7-87"
"1", "varprop", 2456, 2360.10654826205, 62248.4975823921, 271, "vgood", "7-167"
"2", "delta", 2456, 2195.72863212608, 19608.7858718286, 271, "vgood", "7-167"
"3", "onestage", 2456, 2318.50268769883, 60316.4884540698, 271, "vgood", "7-167"
"1", "varprop", 2480, 2008.18345608165, 49881.9914538935, 238, "vgood", "7-7"
"2", "delta", 2480, 1834.8666424622, 15315.3488482998, 238, "vgood", "7-7"
"3", "onestage", 2480, 1942.00586502089, 48369.4241566998, 238, "vgood", "7-7"
"1", "varprop", 2544, 2340.14603257917, 56589.7665699487, 276, "vgood", "7-127"
"2", "delta", 2544, 2215.46341385254, 19440.7330285247, 276, "vgood", "7-127"
"3", "onestage", 2544, 2319.70876562284, 59569.3430286201, 276, "vgood", "7-127"
"1", "varprop", 2512, 2359.04651916086, 61139.836267783, 274, "vgood", "7-47"
"2", "delta", 2512, 2207.51867140495, 19522.9297832877, 274, "vgood", "7-47"
"3", "onestage", 2512, 2385.53500606183, 62419.9097654041, 274, "vgood", "7-47"
"1", "varprop", 2545, 2810.46831943616, 76965.2147478792, 303, "vgood", "7-88"
"2", "delta", 2545, 2504.04326650109, 22575.7421159391, 303, "vgood", "7-88"
"3", "onestage", 2545, 2682.66644485264, 67583.6380031795, 303, "vgood", "7-88"
"1", "varprop", 2503, 2404.92956860224, 58834.9069378038, 289, "vgood", "7-168"
"2", "delta", 2503, 2275.58758835219, 19400.1528275234, 289, "vgood", "7-168"
"3", "onestage", 2503, 2391.22162871721, 59670.4469769949, 289, "vgood", "7-168"
"1", "varprop", 2529, 2304.23443838902, 52011.1612511422, 289, "vgood", "7-128"
"2", "delta", 2529, 2175.56698477097, 18243.1949410634, 289, "vgood", "7-128"
"3", "onestage", 2529, 2364.02098854712, 58383.8327472325, 289, "vgood", "7-128"
"1", "varprop", 2451, 2276.52616929802, 50411.6356794492, 291, "vgood", "7-8"
"2", "delta", 2451, 2187.39073623322, 18209.7462519723, 291, "vgood", "7-8"
"3", "onestage", 2451, 2330.32776070023, 56751.4418262377, 291, "vgood", "7-8"
"1", "varprop", 2467, 2070.50280426706, 46840.1154842462, 266, "vgood", "7-48"
"2", "delta", 2467, 1915.58883574807, 15064.5877569541, 266, "vgood", "7-48"
"3", "onestage", 2467, 2071.85738014856, 48440.0072817524, 266, "vgood", "7-48"
"1", "varprop", 2451, 2450.77225732661, 58778.6585691714, 283, "vgood", "7-89"
"2", "delta", 2451, 2246.85230472027, 19188.8802682481, 283, "vgood", "7-89"
"3", "onestage", 2451, 2449.93573171173, 62124.9498252016, 283, "vgood", "7-89"
"1", "varprop", 2462, 2510.13279277436, 65569.0454456715, 272, "vgood", "7-9"
"2", "delta", 2462, 2345.33374774897, 21779.3306013555, 272, "vgood", "7-9"
"3", "onestage", 2462, 2618.68506206002, 71695.1350945443, 272, "vgood", "7-9"
"1", "varprop", 2439, 2739.16115163068, 67279.9301981533, 290, "vgood", "7-169"
"2", "delta", 2439, 2596.13841740924, 25514.0316148318, 290, "vgood", "7-169"
"3", "onestage", 2439, 2696.67771222444, 71205.7928853037, 290, "vgood", "7-169"
"1", "varprop", 2502, 2430.27391684066, 60313.3718274033, 277, "vgood", "7-49"
"2", "delta", 2502, 2321.74218590943, 21023.1350491568, 277, "vgood", "7-49"
"3", "onestage", 2502, 2421.55493682381, 61229.658094952, 277, "vgood", "7-49"
"1", "varprop", 2490, 2228.62166978287, 45243.253347217, 291, "vgood", "7-129"
"2", "delta", 2490, 2078.69407108001, 16044.6889958053, 291, "vgood", "7-129"
"3", "onestage", 2490, 2264.6251152071, 55701.5386774506, 291, "vgood", "7-129"
"1", "varprop", 2424, 2796.94487272411, 87986.5401379796, 275, "vgood", "7-90"
"2", "delta", 2424, 2543.14216402425, 25056.4228832983, 275, "vgood", "7-90"
"3", "onestage", 2424, 2705.1654141602, 77130.9575911007, 275, "vgood", "7-90"
"1", "varprop", 2572, 2634.62941968266, 68557.2091884091, 293, "vgood", "7-10"
"2", "delta", 2572, 2489.59307823805, 22684.4774518056, 293, "vgood", "7-10"
"3", "onestage", 2572, 2597.53278455722, 68351.7232445902, 293, "vgood", "7-10"
"1", "varprop", 2501, 2479.95041076256, 57251.4029949693, 298, "vgood", "7-170"
"2", "delta", 2501, 2331.29329884077, 19923.9277054643, 298, "vgood", "7-170"
"3", "onestage", 2501, 2459.25456515928, 61142.1747992016, 298, "vgood", "7-170"
"1", "varprop", 2553, 2350.77195945878, 54171.5402244773, 288, "vgood", "7-50"
"2", "delta", 2553, 2225.37562819999, 18187.5520781299, 288, "vgood", "7-50"
"3", "onestage", 2553, 2400.2315120602, 60677.9953697711, 288, "vgood", "7-50"
"1", "varprop", 2513, 2631.36473193751, 72407.2828759467, 279, "vgood", "7-130"
"2", "delta", 2513, 2386.92252873105, 22475.8753371105, 279, "vgood", "7-130"
"3", "onestage", 2513, 2601.72347394827, 71920.6807923747, 279, "vgood", "7-130"
"1", "varprop", 2500, 2514.34071559745, 61280.0274043613, 281, "vgood", "7-91"
"2", "delta", 2500, 2457.54956219804, 23434.3216857989, 281, "vgood", "7-91"
"3", "onestage", 2500, 2527.11985759283, 68055.8175562593, 281, "vgood", "7-91"
"1", "varprop", 2537, 2717.46320252456, 72293.8028178774, 293, "vgood", "7-11"
"2", "delta", 2537, 2622.74098323012, 25742.8061155711, 293, "vgood", "7-11"
"3", "onestage", 2537, 2692.03044465945, 69417.8551103591, 293, "vgood", "7-11"
"1", "varprop", 2559, 2533.16190647675, 61990.295970866, 302, "vgood", "7-171"
"2", "delta", 2559, 2393.58758077237, 20567.6381204341, 302, "vgood", "7-171"
"3", "onestage", 2559, 2512.14881953894, 62044.6159097395, 302, "vgood", "7-171"
"1", "varprop", 2469, 2625.54482916907, 66120.6520171976, 298, "vgood", "7-51"
"2", "delta", 2469, 2476.27965814171, 22222.93874828, 298, "vgood", "7-51"
"3", "onestage", 2469, 2620.80266230364, 64527.464130524, 298, "vgood", "7-51"
"1", "varprop", 2464, 2373.54410616805, 58991.2446897346, 284, "vgood", "7-131"
"2", "delta", 2464, 2313.84000830705, 20435.8496927178, 284, "vgood", "7-131"
"3", "onestage", 2464, 2353.55066736554, 57478.852245699, 284, "vgood", "7-131"
"1", "varprop", 2409, 2195.97005292768, 51885.8960516029, 298, "vgood", "7-92"
"2", "delta", 2409, 2110.3562882816, 16285.2933989804, 298, "vgood", "7-92"
"3", "onestage", 2409, 2144.81246898652, 51895.9704225418, 298, "vgood", "7-92"
"1", "varprop", 2460, 2066.82239526277, 48171.1464393775, 269, "vgood", "7-172"
"2", "delta", 2460, 1968.65044379224, 15745.6171345615, 269, "vgood", "7-172"
"3", "onestage", 2460, 2063.3915783484, 48916.6897221127, 269, "vgood", "7-172"
"1", "varprop", 2547, 2804.48711169288, 75650.1366609736, 301, "vgood", "7-12"
"2", "delta", 2547, 2606.60359180742, 24566.5948420529, 301, "vgood", "7-12"
"3", "onestage", 2547, 2717.47703417231, 71397.5717299194, 301, "vgood", "7-12"
"1", "varprop", 2474, 2348.73094898281, 61916.8633494147, 272, "vgood", "7-132"
"2", "delta", 2474, 2216.10940626692, 19701.6986152465, 272, "vgood", "7-132"
"3", "onestage", 2474, 2318.83764468819, 60548.8400094158, 272, "vgood", "7-132"
"1", "varprop", 2470, 2228.94261384212, 53718.2429474048, 275, "vgood", "7-52"
"2", "delta", 2470, 1983.2957256504, 15539.1525753954, 275, "vgood", "7-52"
"3", "onestage", 2470, 2232.8076219551, 52276.7697236715, 275, "vgood", "7-52"
"1", "varprop", 2543, 2136.76721490825, 50107.3078994185, 266, "vgood", "7-93"
"2", "delta", 2543, 2026.99762608662, 16915.6135555791, 266, "vgood", "7-93"
"3", "onestage", 2543, 2147.39449263743, 53120.1930595874, 266, "vgood", "7-93"
"1", "varprop", 2513, 2333.22974250739, 54808.9627467184, 288, "vgood", "7-173"
"2", "delta", 2513, 2267.12640355999, 19950.4425961023, 288, "vgood", "7-173"
"3", "onestage", 2513, 2319.98042827396, 56448.0052529274, 288, "vgood", "7-173"
"1", "varprop", 2374, 2542.40863648991, 68543.7628193101, 299, "vgood", "7-13"
"2", "delta", 2374, 2316.20052305207, 19616.771132344, 299, "vgood", "7-13"
"3", "onestage", 2374, 2483.40246229212, 65304.0000583692, 299, "vgood", "7-13"
"1", "varprop", 2473, 2327.64703082862, 54405.4248491238, 289, "vgood", "7-133"
"2", "delta", 2473, 2218.7470421301, 18622.7160124701, 289, "vgood", "7-133"
"3", "onestage", 2473, 2413.27047820708, 62614.0954346468, 289, "vgood", "7-133"
"1", "varprop", 2563, 2574.90108976894, 61597.7392506723, 293, "vgood", "7-53"
"2", "delta", 2563, 2500.61467530018, 23196.3394861723, 293, "vgood", "7-53"
"3", "onestage", 2563, 2581.67620086469, 64657.8732539341, 293, "vgood", "7-53"
"1", "varprop", 2534, 2879.57142635309, 84448.0367228534, 286, "vgood", "7-94"
"2", "delta", 2534, 2518.71648942165, 24211.5259720141, 286, "vgood", "7-94"
"3", "onestage", 2534, 2822.64173863643, 77084.3847617876, 286, "vgood", "7-94"
"1", "varprop", 2582, 2632.38232865773, 61086.1177408493, 313, "vgood", "7-174"
"2", "delta", 2582, 2439.79282719945, 20583.201929325, 313, "vgood", "7-174"
"3", "onestage", 2582, 2669.35363346784, 70665.0966527647, 313, "vgood", "7-174"
"1", "varprop", 2511, 2583.83476347705, 65522.4165369536, 287, "vgood", "7-134"
"2", "delta", 2511, 2323.41366767568, 20498.9155890813, 287, "vgood", "7-134"
"3", "onestage", 2511, 2516.78645351126, 65822.1060125634, 287, "vgood", "7-134"
"1", "varprop", 2456, 2908.44333678979, 77632.2254284893, 322, "vgood", "7-14"
"2", "delta", 2456, 2781.91286707925, 26312.107782344, 322, "vgood", "7-14"
"3", "onestage", 2456, 2851.83993628278, 73572.3695067061, 322, "vgood", "7-14"
"1", "varprop", 2477, 2921.44393799307, 74826.2195086107, 325, "vgood", "7-54"
"2", "delta", 2477, 2794.11657875106, 26634.4475129674, 325, "vgood", "7-54"
"3", "onestage", 2477, 2874.51291821296, 77672.5057464367, 325, "vgood", "7-54"
"1", "varprop", 2489, 2518.29346604342, 63978.7339886693, 289, "vgood", "7-95"
"2", "delta", 2489, 2432.29835496545, 22359.1674031171, 289, "vgood", "7-95"
"3", "onestage", 2489, 2505.98826124312, 66364.9244615739, 289, "vgood", "7-95"
"1", "varprop", 2513, 2289.86536703224, 51128.5195915132, 289, "vgood", "7-175"
"2", "delta", 2513, 2203.70002383402, 18063.1662907939, 289, "vgood", "7-175"
"3", "onestage", 2513, 2310.6828308466, 55383.7063013369, 289, "vgood", "7-175"
"1", "varprop", 2485, 2747.87548503307, 76797.2724437294, 265, "vgood", "7-135"
"2", "delta", 2485, 2676.98356352912, 29904.1749536339, 265, "vgood", "7-135"
"3", "onestage", 2485, 2733.91625235732, 77656.4994190891, 265, "vgood", "7-135"
"1", "varprop", 2600, 2428.17595199628, 59969.5366789849, 298, "vgood", "7-15"
"2", "delta", 2600, 2242.91589918795, 17837.1766794527, 298, "vgood", "7-15"
"3", "onestage", 2600, 2374.4023375967, 56921.1675915803, 298, "vgood", "7-15"
"1", "varprop", 2586, 2548.94454225352, 61469.9436829789, 304, "vgood", "7-55"
"2", "delta", 2586, 2354.44336960472, 19979.5100484247, 304, "vgood", "7-55"
"3", "onestage", 2586, 2505.0450571398, 63488.5611756843, 304, "vgood", "7-55"
"1", "varprop", 2524, 2237.63095703409, 54532.4292037726, 298, "vgood", "7-96"
"2", "delta", 2524, 2184.75509459773, 17449.5936572881, 298, "vgood", "7-96"
"3", "onestage", 2524, 2266.00087398583, 53846.4493593216, 298, "vgood", "7-96"
"1", "varprop", 2482, 2403.57485877049, 54131.4511287881, 291, "vgood", "7-176"
"2", "delta", 2482, 2295.48949209947, 19735.7579235696, 291, "vgood", "7-176"
"3", "onestage", 2482, 2426.12702037941, 57217.2522616528, 291, "vgood", "7-176"
"1", "varprop", 2524, 2359.3808498575, 60848.2946405907, 296, "vgood", "7-136"
"2", "delta", 2524, 2225.61358578998, 18408.9692983289, 296, "vgood", "7-136"
"3", "onestage", 2524, 2354.65889197134, 60234.2821656771, 296, "vgood", "7-136"
"1", "varprop", 2507, 2527.51431022669, 61462.5130383337, 299, "vgood", "7-16"
"2", "delta", 2507, 2336.31880877716, 20208.5051805526, 299, "vgood", "7-16"
"3", "onestage", 2507, 2462.25225359018, 60092.546096659, 299, "vgood", "7-16"
"1", "varprop", 2453, 2057.92995572765, 47287.8538321758, 254, "vgood", "7-56"
"2", "delta", 2453, 1913.55945104092, 15568.9029130061, 254, "vgood", "7-56"
"3", "onestage", 2453, 2049.72480059208, 49979.8026806363, 254, "vgood", "7-56"
"1", "varprop", 2457, 1988.44658227565, 45184.254083771, 261, "vgood", "7-97"
"2", "delta", 2457, 1913.89542074787, 15324.9063626619, 261, "vgood", "7-97"
"3", "onestage", 2457, 1961.36859953258, 47560.1367402357, 261, "vgood", "7-97"
"1", "varprop", 2540, 3062.79382878657, 85833.4936321113, 309, "vgood", "7-177"
"2", "delta", 2540, 2817.83625776165, 28156.7350192663, 309, "vgood", "7-177"
"3", "onestage", 2540, 3013.72449332577, 85875.5052285932, 309, "vgood", "7-177"
"1", "varprop", 2442, 2592.12307602245, 69876.398068747, 280, "vgood", "7-17"
"2", "delta", 2442, 2449.09642871508, 23758.3298397158, 280, "vgood", "7-17"
"3", "onestage", 2442, 2571.5660354463, 68786.5194412116, 280, "vgood", "7-17"
"1", "varprop", 2565, 3021.78242073328, 87671.5046948178, 307, "vgood", "7-137"
"2", "delta", 2565, 2941.29494892455, 30689.0429935602, 307, "vgood", "7-137"
"3", "onestage", 2565, 3038.89019565313, 83453.1184932353, 307, "vgood", "7-137"
"1", "varprop", 2512, 2365.53728112289, 58740.7067034047, 303, "vgood", "7-57"
"2", "delta", 2512, 2161.22450207519, 17384.161154715, 303, "vgood", "7-57"
"3", "onestage", 2512, 2386.90995717725, 58203.173588569, 303, "vgood", "7-57"
"1", "varprop", 2460, 2394.87356623418, 58730.453452426, 298, "vgood", "7-98"
"2", "delta", 2460, 2202.01262874143, 17984.4767064237, 298, "vgood", "7-98"
"3", "onestage", 2460, 2342.02969781565, 56402.1862138666, 298, "vgood", "7-98"
"1", "varprop", 2542, 2734.8812292392, 70992.7687390289, 300, "vgood", "7-178"
"2", "delta", 2542, 2531.22651138719, 23204.1818815812, 300, "vgood", "7-178"
"3", "onestage", 2542, 2698.35625571108, 69244.331318217, 300, "vgood", "7-178"
"1", "varprop", 2465, 2094.55081820203, 48713.8379621098, 270, "vgood", "7-18"
"2", "delta", 2465, 1931.08993139613, 15442.2132423544, 270, "vgood", "7-18"
"3", "onestage", 2465, 2098.71233104603, 51504.4252516896, 270, "vgood", "7-18"
"1", "varprop", 2438, 2498.14749273426, 63604.6829544035, 311, "vgood", "7-138"
"2", "delta", 2438, 2420.254668077, 20572.8074160014, 311, "vgood", "7-138"
"3", "onestage", 2438, 2568.47807484934, 65265.3427170867, 311, "vgood", "7-138"
"1", "varprop", 2582, 2857.24824898952, 75867.3964386593, 323, "vgood", "7-58"
"2", "delta", 2582, 2737.52891019139, 25435.0410626451, 323, "vgood", "7-58"
"3", "onestage", 2582, 2859.78722319259, 75895.1133918524, 323, "vgood", "7-58"
"1", "varprop", 2533, 2678.66828062454, 75758.133803038, 280, "vgood", "7-99"
"2", "delta", 2533, 2551.51593939632, 26345.0833736393, 280, "vgood", "7-99"
"3", "onestage", 2533, 2660.34746994048, 74239.9508433639, 280, "vgood", "7-99"
"1", "varprop", 2445, 2194.23839755862, 51860.7883772446, 264, "vgood", "7-139"
"2", "delta", 2445, 2125.59257020275, 18858.958759792, 264, "vgood", "7-139"
"3", "onestage", 2445, 2185.0684101622, 53090.6857714499, 264, "vgood", "7-139"
"1", "varprop", 2566, 1875.32708535113, 32895.1543679078, 297, "vgood", "7-19"
"2", "delta", 2566, 1884.53121764183, 13024.452387434, 297, "vgood", "7-19"
"3", "onestage", 2566, 2030.62937480423, 46570.6646159944, 297, "vgood", "7-19"
"1", "varprop", 2634, 2191.98444737722, 48983.7202013089, 287, "vgood", "7-179"
"2", "delta", 2634, 2162.79317045269, 17666.8056873468, 287, "vgood", "7-179"
"3", "onestage", 2634, 2209.22866197306, 55350.7337618538, 287, "vgood", "7-179"
"1", "varprop", 2487, 2116.34501795392, 46348.4125748495, 289, "vgood", "7-59"
"2", "delta", 2487, 1951.23780847823, 14322.7789139891, 289, "vgood", "7-59"
"3", "onestage", 2487, 2084.85644793615, 47066.3235725198, 289, "vgood", "7-59"
"1", "varprop", 2572, 2474.90736300111, 59925.0060160865, 300, "vgood", "7-100"
"2", "delta", 2572, 2338.90649961444, 19712.8834644018, 300, "vgood", "7-100"
"3", "onestage", 2572, 2432.0899372456, 58624.9328926739, 300, "vgood", "7-100"
"1", "varprop", 2468, 2626.70374163308, 65370.852541616, 286, "vgood", "7-180"
"2", "delta", 2468, 2502.26664881609, 23936.3025776057, 286, "vgood", "7-180"
"3", "onestage", 2468, 2698.1032143155, 73726.2891885959, 286, "vgood", "7-180"
"1", "varprop", 2473, 2471.16642816791, 60095.0680774513, 266, "vgood", "7-140"
"2", "delta", 2473, 2322.16690045097, 21869.5594719159, 266, "vgood", "7-140"
"3", "onestage", 2473, 2464.91112477003, 66590.2399651474, 266, "vgood", "7-140"
"1", "varprop", 2505, 2677.78622104832, 68585.5288813729, 294, "vgood", "7-20"
"2", "delta", 2505, 2482.45464735365, 23367.0315548808, 294, "vgood", "7-20"
"3", "onestage", 2505, 2600.68629120472, 66859.7802581564, 294, "vgood", "7-20"
"1", "varprop", 2523, 2784.5731030884, 91135.2252868673, 256, "vgood", "7-60"
"2", "delta", 2523, 2573.16974197514, 28734.7684725902, 256, "vgood", "7-60"
"3", "onestage", 2523, 2709.20011135841, 79958.7826807511, 256, "vgood", "7-60"
"1", "varprop", 2467, 2431.23192778083, 55345.5715494416, 281, "vgood", "7-101"
"2", "delta", 2467, 2310.30981197377, 20976.6194647553, 281, "vgood", "7-101"
"3", "onestage", 2467, 2421.18432427259, 62296.6847669121, 281, "vgood", "7-101"
"1", "varprop", 2422, 1997.53305194815, 33305.9159459574, 298, "vgood", "7-141"
"2", "delta", 2422, 2019.84924969628, 14988.6097416695, 298, "vgood", "7-141"
"3", "onestage", 2422, 2327.83909362732, 59393.699414247, 298, "vgood", "7-141"
"1", "varprop", 2500, 2443.81832343215, 61093.7770402999, 276, "vgood", "7-181"
"2", "delta", 2500, 2235.22439164985, 19719.3710148531, 276, "vgood", "7-181"
"3", "onestage", 2500, 2422.58880769796, 58634.0547856587, 276, "vgood", "7-181"
"1", "varprop", 2554, 2224.41049552172, 49568.313639984, 293, "vgood", "7-21"
"2", "delta", 2554, 2111.19045244191, 16711.8530192048, 293, "vgood", "7-21"
"3", "onestage", 2554, 2212.70263013405, 52710.5408514985, 293, "vgood", "7-21"
"1", "varprop", 2539, 2582.25020257208, 58452.4263288119, 316, "vgood", "7-61"
"2", "delta", 2539, 2457.08672084491, 21096.1383022295, 316, "vgood", "7-61"
"3", "onestage", 2539, 2664.6818057762, 68641.9593724741, 316, "vgood", "7-61"
"1", "varprop", 2484, 2111.09244545771, 48327.8968864576, 267, "vgood", "7-102"
"2", "delta", 2484, 2008.82629490211, 16717.7314197368, 267, "vgood", "7-102"
"3", "onestage", 2484, 2111.95830851019, 49026.4403317206, 267, "vgood", "7-102"
"1", "varprop", 2480, 2117.75818173804, 49731.8116573219, 272, "vgood", "7-142"
"2", "delta", 2480, 2053.6467480565, 16873.4433140545, 272, "vgood", "7-142"
"3", "onestage", 2480, 2090.15230365336, 51085.0517218151, 272, "vgood", "7-142"
"1", "varprop", 2466, 2985.31251914522, 92806.5788618704, 287, "vgood", "7-182"
"2", "delta", 2466, 2802.82959166732, 30239.5380383116, 287, "vgood", "7-182"
"3", "onestage", 2466, 2906.82172627152, 89710.7781149011, 287, "vgood", "7-182"
"1", "varprop", 2601, 2662.92073973214, 65639.934478837, 294, "vgood", "7-62"
"2", "delta", 2601, 2552.03954108455, 24367.1540702236, 294, "vgood", "7-62"
"3", "onestage", 2601, 2652.73992613921, 73973.6166588461, 294, "vgood", "7-62"
"1", "varprop", 2505, 2171.24821256061, 45211.7827711412, 290, "vgood", "7-22"
"2", "delta", 2505, 2153.96579552019, 17489.6156829511, 290, "vgood", "7-22"
"3", "onestage", 2505, 2190.23639677555, 53663.8625145233, 290, "vgood", "7-22"
"1", "varprop", 2565, 2447.8106526931, 56186.8125168095, 298, "vgood", "7-103"
"2", "delta", 2565, 2307.73089280405, 19262.4872617021, 298, "vgood", "7-103"
"3", "onestage", 2565, 2420.9827727845, 58205.9206655765, 298, "vgood", "7-103"
"1", "varprop", 2491, 2387.21623069882, 59943.3523258224, 280, "vgood", "7-143"
"2", "delta", 2491, 2268.26232163094, 20167.7252632384, 280, "vgood", "7-143"
"3", "onestage", 2491, 2349.15599029986, 59932.0806107938, 280, "vgood", "7-143"
"1", "varprop", 2523, 1884.63993057666, 34593.1168055242, 281, "vgood", "7-183"
"2", "delta", 2523, 1906.37022142843, 14057.9999982468, 281, "vgood", "7-183"
"3", "onestage", 2523, 2087.98224048201, 52154.1060568676, 281, "vgood", "7-183"
"1", "varprop", 2517, 2324.60744142205, 52308.1873431503, 289, "vgood", "7-63"
"2", "delta", 2517, 2135.61105692922, 16856.6929956288, 289, "vgood", "7-63"
"3", "onestage", 2517, 2406.21252294384, 60672.8594577744, 289, "vgood", "7-63"
"1", "varprop", 2410, 2088.4275793477, 46428.995043889, 270, "vgood", "7-23"
"2", "delta", 2410, 1963.96947881522, 15441.8010367301, 270, "vgood", "7-23"
"3", "onestage", 2410, 2067.34370828143, 47449.1324185076, 270, "vgood", "7-23"
"1", "varprop", 2536, 2259.41841219079, 54859.6332832138, 292, "vgood", "7-104"
"2", "delta", 2536, 2236.77008786527, 18952.7488935969, 292, "vgood", "7-104"
"3", "onestage", 2536, 2383.33083542095, 62422.0838106127, 292, "vgood", "7-104"
"1", "varprop", 2523, 2442.22654497576, 54241.0407521446, 306, "vgood", "7-184"
"2", "delta", 2523, 2343.88804437838, 19591.4063159635, 306, "vgood", "7-184"
"3", "onestage", 2523, 2561.44989033586, 63414.9170859086, 306, "vgood", "7-184"
"1", "varprop", 2487, 2736.19484599165, 69561.5495470865, 298, "vgood", "7-144"
"2", "delta", 2487, 2510.14784157135, 22954.6642428766, 298, "vgood", "7-144"
"3", "onestage", 2487, 2700.47331053128, 67488.6919362738, 298, "vgood", "7-144"
"1", "varprop", 2448, 2617.96553402049, 72482.3074282214, 274, "vgood", "7-24"
"2", "delta", 2448, 2403.58862580904, 23010.4786267985, 274, "vgood", "7-24"
"3", "onestage", 2448, 2530.47801935229, 67803.504642279, 274, "vgood", "7-24"
"1", "varprop", 2487, 2415.72673975093, 59876.1334035199, 289, "vgood", "7-64"
"2", "delta", 2487, 2188.85163275616, 18006.1173757029, 289, "vgood", "7-64"
"3", "onestage", 2487, 2359.79982322766, 59373.0244639599, 289, "vgood", "7-64"
"1", "varprop", 2491, 2690.90040294742, 70244.0360853681, 292, "vgood", "7-105"
"2", "delta", 2491, 2375.91082193757, 20854.2139601113, 292, "vgood", "7-105"
"3", "onestage", 2491, 2546.26536318978, 64434.6454047831, 292, "vgood", "7-105"
"1", "varprop", 2450, 2540.23751603082, 68555.9285776443, 278, "vgood", "7-185"
"2", "delta", 2450, 2197.36512730863, 18997.9487121357, 278, "vgood", "7-185"
"3", "onestage", 2450, 2380.54873819215, 59893.5400435899, 278, "vgood", "7-185"
"1", "varprop", 2513, 2736.35021913515, 75540.6489139873, 278, "vgood", "7-25"
"2", "delta", 2513, 2406.46274691731, 22697.4211335374, 278, "vgood", "7-25"
"3", "onestage", 2513, 2558.94314503997, 66618.9235001375, 278, "vgood", "7-25"
"1", "varprop", 2578, 2440.44607099911, 58594.6919896322, 307, "vgood", "7-145"
"2", "delta", 2578, 2368.77255021714, 20052.1049005806, 307, "vgood", "7-145"
"3", "onestage", 2578, 2478.67076415076, 61715.3911152203, 307, "vgood", "7-145"
"1", "varprop", 2555, 2899.48256821114, 72966.0217534033, 327, "vgood", "7-65"
"2", "delta", 2555, 2714.55246833985, 24746.0607787874, 327, "vgood", "7-65"
"3", "onestage", 2555, 2847.9146305498, 68909.0242189511, 327, "vgood", "7-65"
"1", "varprop", 2539, 2537.26672937054, 64304.0191481507, 270, "vgood", "7-106"
"2", "delta", 2539, 2322.59249010645, 21939.0345991536, 270, "vgood", "7-106"
"3", "onestage", 2539, 2528.80416606802, 67661.2135405473, 270, "vgood", "7-106"
"1", "varprop", 2535, 2537.89672928664, 73600.9688358489, 271, "vgood", "7-186"
"2", "delta", 2535, 2437.03382182655, 24486.6959279532, 271, "vgood", "7-186"
"3", "onestage", 2535, 2494.05365652935, 70472.5412037077, 271, "vgood", "7-186"
"1", "varprop", 2488, 2330.68455752268, 59311.8082117574, 270, "vgood", "7-146"
"2", "delta", 2488, 2176.48936243123, 19158.0929507792, 270, "vgood", "7-146"
"3", "onestage", 2488, 2314.50113584241, 63350.7548624112, 270, "vgood", "7-146"
"1", "varprop", 2514, 2445.01447894351, 53891.4192988432, 297, "vgood", "7-26"
"2", "delta", 2514, 2340.9067483442, 20135.7049583599, 297, "vgood", "7-26"
"3", "onestage", 2514, 2484.90452851584, 63923.1206239781, 297, "vgood", "7-26"
"1", "varprop", 2402, 3103.88761739292, 95592.2403245775, 300, "vgood", "7-66"
"2", "delta", 2402, 2766.08746373069, 27950.8432929251, 300, "vgood", "7-66"
"3", "onestage", 2402, 2917.8267283187, 78902.1936662337, 300, "vgood", "7-66"
"1", "varprop", 2464, 2261.5276200918, 52685.5689747803, 286, "vgood", "7-107"
"2", "delta", 2464, 2148.17512462904, 17887.4470639546, 286, "vgood", "7-107"
"3", "onestage", 2464, 2205.09619609635, 51424.3013924149, 286, "vgood", "7-107"
"1", "varprop", 2502, 2651.217412788, 70864.6142221996, 277, "vgood", "7-187"
"2", "delta", 2502, 2501.30404395697, 25144.2566811791, 277, "vgood", "7-187"
"3", "onestage", 2502, 2648.09072379222, 72422.6969016402, 277, "vgood", "7-187"
"1", "varprop", 2477, 2605.34007882351, 70062.5675280973, 280, "vgood", "7-147"
"2", "delta", 2477, 2368.35261647077, 21893.2688784867, 280, "vgood", "7-147"
"3", "onestage", 2477, 2654.59566010207, 74563.9444678754, 280, "vgood", "7-147"
"1", "varprop", 2492, 2595.37038436434, 66213.6675415919, 295, "vgood", "7-27"
"2", "delta", 2492, 2524.72632475116, 23820.9138929327, 295, "vgood", "7-27"
"3", "onestage", 2492, 2661.11230682484, 71761.6998902003, 295, "vgood", "7-27"
"1", "varprop", 2487, 2837.85453993956, 70807.9738356652, 312, "vgood", "7-67"
"2", "delta", 2487, 2724.27639544194, 26583.8318770821, 312, "vgood", "7-67"
"3", "onestage", 2487, 2785.49841393254, 70968.9385232093, 312, "vgood", "7-67"
"1", "varprop", 2513, 2467.95050665142, 60193.7710610552, 294, "vgood", "7-108"
"2", "delta", 2513, 2205.68185298936, 17731.4249127886, 294, "vgood", "7-108"
"3", "onestage", 2513, 2396.10607801489, 55444.9983910436, 294, "vgood", "7-108"
"1", "varprop", 2496, 2635.18671790553, 70619.1475107979, 278, "vgood", "7-188"
"2", "delta", 2496, 2502.55920896157, 24412.4904738191, 278, "vgood", "7-188"
"3", "onestage", 2496, 2663.84160524112, 74548.0548716913, 278, "vgood", "7-188"
"1", "varprop", 2497, 2768.02620923572, 84285.5700684592, 268, "vgood", "7-148"
"2", "delta", 2497, 2612.34861295187, 28680.6366614817, 268, "vgood", "7-148"
"3", "onestage", 2497, 2659.2853637724, 77567.6216605326, 268, "vgood", "7-148"
"1", "varprop", 2544, 2479.70100254976, 63739.1581312827, 293, "vgood", "7-28"
"2", "delta", 2544, 2373.49416603513, 21087.8151189612, 293, "vgood", "7-28"
"3", "onestage", 2544, 2460.16638853769, 62265.8171285411, 293, "vgood", "7-28"
"1", "varprop", 2623, 2119.3906322378, 44894.4524500383, 296, "vgood", "7-68"
"2", "delta", 2623, 2020.06477710999, 14975.5035881783, 296, "vgood", "7-68"
"3", "onestage", 2623, 2129.14556075627, 48504.895644354, 296, "vgood", "7-68"
"1", "varprop", 2472, 2770.91082164171, 75236.1480511488, 289, "vgood", "7-109"
"2", "delta", 2472, 2505.23193147327, 23433.0132076889, 289, "vgood", "7-109"
"3", "onestage", 2472, 2626.49980748795, 66034.2334358632, 289, "vgood", "7-109"
"1", "varprop", 2506, 2231.05997530924, 50261.5102281697, 293, "vgood", "7-189"
"2", "delta", 2506, 2055.52984004759, 16013.2832746964, 293, "vgood", "7-189"
"3", "onestage", 2506, 2361.02269535294, 59405.7839283873, 293, "vgood", "7-189"
"1", "varprop", 2543, 2532.60130578309, 67931.8421356025, 314, "vgood", "7-149"
"2", "delta", 2543, 2319.57930574505, 18538.5638536274, 314, "vgood", "7-149"
"3", "onestage", 2543, 2422.15139219953, 57700.6151173065, 314, "vgood", "7-149"
"1", "varprop", 2473, 2020.51293705856, 43728.8688335494, 289, "vgood", "7-29"
"2", "delta", 2473, 1947.89860517656, 14247.0984706807, 289, "vgood", "7-29"
"3", "onestage", 2473, 2060.08106359492, 46978.8564640378, 289, "vgood", "7-29"
"1", "varprop", 2492, 2633.95891592643, 69692.9780608589, 281, "vgood", "7-69"
"2", "delta", 2492, 2449.63202837496, 23926.1204375931, 281, "vgood", "7-69"
"3", "onestage", 2492, 2561.43002161061, 67958.7015588716, 281, "vgood", "7-69"
"1", "varprop", 2473, 2524.89240260631, 66845.4617260527, 266, "vgood", "7-110"
"2", "delta", 2473, 2352.70751415549, 23103.56589646, 266, "vgood", "7-110"
"3", "onestage", 2473, 2465.66245517115, 67700.2723925753, 266, "vgood", "7-110"
"1", "varprop", 2558, 2779.69153516282, 76917.9540333144, 308, "vgood", "7-190"
"2", "delta", 2558, 2648.60277011837, 24839.7421867309, 308, "vgood", "7-190"
"3", "onestage", 2558, 2760.87173857793, 72809.8266810893, 308, "vgood", "7-190"
"1", "varprop", 2467, 2289.91466152441, 51815.9018490053, 297, "vgood", "7-150"
"2", "delta", 2467, 2151.78134944068, 17066.9297386545, 297, "vgood", "7-150"
"3", "onestage", 2467, 2250.65911627956, 51385.2022772414, 297, "vgood", "7-150"
"1", "varprop", 2485, 2221.76893656467, 49097.807580636, 259, "vgood", "7-30"
"2", "delta", 2485, 2033.89034314156, 17339.2008061196, 259, "vgood", "7-30"
"3", "onestage", 2485, 2309.86217548399, 61233.7696024857, 259, "vgood", "7-30"
"1", "varprop", 2569, 2974.13251457579, 86855.8916002931, 316, "vgood", "7-70"
"2", "delta", 2569, 2695.61990222619, 25003.5103084838, 316, "vgood", "7-70"
"3", "onestage", 2569, 2880.39211357053, 77628.1993700056, 316, "vgood", "7-70"
"1", "varprop", 2409, 2626.2931314333, 73965.9311810519, 279, "vgood", "7-111"
"2", "delta", 2409, 2560.52994033767, 25775.6534292357, 279, "vgood", "7-111"
"3", "onestage", 2409, 2623.23425004856, 70470.9492927457, 279, "vgood", "7-111"
"1", "varprop", 2520, 2656.862504006, 76120.1070145071, 280, "vgood", "7-191"
"2", "delta", 2520, 2443.06421302277, 23165.4104427646, 280, "vgood", "7-191"
"3", "onestage", 2520, 2624.29901010831, 71841.165895915, 280, "vgood", "7-191"
"1", "varprop", 2544, 2622.77713529456, 70260.4105183021, 286, "vgood", "7-151"
"2", "delta", 2544, 2502.81515288876, 24038.3737808591, 286, "vgood", "7-151"
"3", "onestage", 2544, 2657.79985903799, 72788.0318388531, 286, "vgood", "7-151"
"1", "varprop", 2467, 2502.09797136138, 65435.1319792371, 283, "vgood", "7-31"
"2", "delta", 2467, 2284.23764275461, 20028.646105153, 283, "vgood", "7-31"
"3", "onestage", 2467, 2547.27978488489, 67382.1755813312, 283, "vgood", "7-31"
"1", "varprop", 2486, 2223.40985202979, 54318.7666428252, 272, "vgood", "7-71"
"2", "delta", 2486, 2070.5210005787, 17274.8350482624, 272, "vgood", "7-71"
"3", "onestage", 2486, 2225.71682652813, 54061.5580113992, 272, "vgood", "7-71"
"1", "varprop", 2557, 2038.39003596691, 44514.9866099037, 274, "vgood", "7-112"
"2", "delta", 2557, 2062.42266011062, 16947.0333594975, 274, "vgood", "7-112"
"3", "onestage", 2557, 2099.352015312, 53550.979957297, 274, "vgood", "7-112"
"1", "varprop", 2509, 2431.78470024206, 58008.3897889106, 301, "vgood", "7-192"
"2", "delta", 2509, 2237.52046493512, 17868.2659012009, 301, "vgood", "7-192"
"3", "onestage", 2509, 2477.95951752554, 59034.296083492, 301, "vgood", "7-192"
"1", "varprop", 2485, 2540.80716033024, 63483.4110378286, 287, "vgood", "7-152"
"2", "delta", 2485, 2369.47906961159, 21094.7030545974, 287, "vgood", "7-152"
"3", "onestage", 2485, 2463.57198796085, 62607.1612431084, 287, "vgood", "7-152"
"1", "varprop", 2453, 2879.0856024437, 75401.291697303, 313, "vgood", "7-32"
"2", "delta", 2453, 2696.90331155425, 25079.3059865083, 313, "vgood", "7-32"
"3", "onestage", 2453, 2818.69684510789, 73661.4633532459, 313, "vgood", "7-32"
"1", "varprop", 2498, 2324.6844087268, 55574.8547533929, 283, "vgood", "7-72"
"2", "delta", 2498, 2091.28793518783, 16845.9674584732, 283, "vgood", "7-72"
"3", "onestage", 2498, 2254.74235570577, 57022.8529505357, 283, "vgood", "7-72"
"1", "varprop", 2476, 2494.6058913874, 69227.3430801347, 277, "vgood", "7-113"
"2", "delta", 2476, 2343.64941830644, 21548.1806840293, 277, "vgood", "7-113"
"3", "onestage", 2476, 2468.6101225381, 67283.7153734046, 277, "vgood", "7-113"
"1", "varprop", 2484, 2331.97198744127, 58457.5969080168, 266, "vgood", "7-193"
"2", "delta", 2484, 1996.34705810706, 16298.6952277374, 266, "vgood", "7-193"
"3", "onestage", 2484, 2209.03231760597, 53958.4395922667, 266, "vgood", "7-193"
"1", "varprop", 2543, 2565.05098515597, 65710.2021322827, 316, "vgood", "7-153"
"2", "delta", 2543, 2447.48300379574, 20932.4535627441, 316, "vgood", "7-153"
"3", "onestage", 2543, 2555.14153610272, 64041.407062587, 316, "vgood", "7-153"
"1", "varprop", 2455, 2968.80404125828, 90133.6580137274, 272, "vgood", "7-33"
"2", "delta", 2455, 2771.66617048704, 31002.3412025763, 272, "vgood", "7-33"
"3", "onestage", 2455, 2930.06177135732, 92904.3866455742, 272, "vgood", "7-33"
"1", "varprop", 2465, 2205.18173249492, 53215.0320692864, 275, "vgood", "7-73"
"2", "delta", 2465, 2089.49327569926, 17475.4960376531, 275, "vgood", "7-73"
"3", "onestage", 2465, 2172.2674957696, 52860.6596770946, 275, "vgood", "7-73"
"1", "varprop", 2475, 2671.25623926535, 68234.6548767321, 296, "vgood", "7-114"
"2", "delta", 2475, 2552.12948650576, 24269.8483507013, 296, "vgood", "7-114"
"3", "onestage", 2475, 2653.82469987431, 69507.5452852706, 296, "vgood", "7-114"
"1", "varprop", 2514, 1994.48698171903, 35817.6416638713, 289, "vgood", "7-194"
"2", "delta", 2514, 1942.51466961408, 14026.4651192299, 289, "vgood", "7-194"
"3", "onestage", 2514, 2140.54602488862, 53772.2889769912, 289, "vgood", "7-194"
"1", "varprop", 2487, 2351.5074967635, 57149.1925857761, 283, "vgood", "7-154"
"2", "delta", 2487, 2209.38208906978, 19066.1751536229, 283, "vgood", "7-154"
"3", "onestage", 2487, 2321.82630910964, 55726.0674277392, 283, "vgood", "7-154"
"1", "varprop", 2501, 2261.57344169373, 53440.37293859, 284, "vgood", "7-34"
"2", "delta", 2501, 2047.51957459768, 16289.8160390039, 284, "vgood", "7-34"
"3", "onestage", 2501, 2241.28421310418, 55569.7151047099, 284, "vgood", "7-34"
"1", "varprop", 2501, 2492.48736792831, 64833.3847570536, 271, "vgood", "7-74"
"2", "delta", 2501, 2379.98492750059, 22925.4925540207, 271, "vgood", "7-74"
"3", "onestage", 2501, 2465.03714559934, 66782.6773189231, 271, "vgood", "7-74"
"1", "varprop", 2488, 2517.693831618, 67015.3159351982, 276, "vgood", "7-115"
"2", "delta", 2488, 2402.3868504008, 22659.1557584756, 276, "vgood", "7-115"
"3", "onestage", 2488, 2539.72575105506, 68240.9333312368, 276, "vgood", "7-115"
"1", "varprop", 2469, 2346.77977386893, 55480.9745961099, 291, "vgood", "7-195"
"2", "delta", 2469, 2163.14646521652, 17525.2773566356, 291, "vgood", "7-195"
"3", "onestage", 2469, 2349.83547168248, 57671.3652703818, 291, "vgood", "7-195"
"1", "varprop", 2494, 2448.05281057474, 61161.7708229507, 282, "vgood", "7-155"
"2", "delta", 2494, 2338.88501188753, 21370.4447647676, 282, "vgood", "7-155"
"3", "onestage", 2494, 2470.43633398273, 62305.8330384027, 282, "vgood", "7-155"
"1", "varprop", 2487, 2201.70791108593, 51946.4405014907, 286, "vgood", "7-35"
"2", "delta", 2487, 2128.74676326671, 17918.3964526713, 286, "vgood", "7-35"
"3", "onestage", 2487, 2185.96402291071, 55595.5059098701, 286, "vgood", "7-35"
"1", "varprop", 2398, 2411.38863576577, 60962.2475527051, 265, "vgood", "7-75"
"2", "delta", 2398, 2256.80842463862, 21293.8306910543, 265, "vgood", "7-75"
"3", "onestage", 2398, 2399.61068250776, 67019.7059795178, 265, "vgood", "7-75"
"1", "varprop", 2544, 2798.1701485064, 70745.5610579597, 307, "vgood", "7-116"
"2", "delta", 2544, 2739.67203973017, 26854.1044081429, 307, "vgood", "7-116"
"3", "onestage", 2544, 2868.6775983918, 80034.8807932869, 307, "vgood", "7-116"
"1", "varprop", 2510, 2785.26849789166, 73902.6553921876, 303, "vgood", "7-196"
"2", "delta", 2510, 2500.76366093473, 22206.8275817384, 303, "vgood", "7-196"
"3", "onestage", 2510, 2744.39674513094, 71935.0035105257, 303, "vgood", "7-196"
"1", "varprop", 2406, 2609.17828572505, 63024.4619536775, 275, "vgood", "7-156"
"2", "delta", 2406, 2411.83882697656, 23155.4059354205, 275, "vgood", "7-156"
"3", "onestage", 2406, 2663.51327764334, 70791.621919503, 275, "vgood", "7-156"
"1", "varprop", 2475, 2216.60423473013, 57217.5071781039, 256, "vgood", "7-36"
"2", "delta", 2475, 2002.50012008726, 16878.187466733, 256, "vgood", "7-36"
"3", "onestage", 2475, 2179.21480508887, 54806.507331722, 256, "vgood", "7-36"
"1", "varprop", 2546, 2077.31002006933, 44170.5230489503, 297, "vgood", "7-76"
"2", "delta", 2546, 2018.62974973548, 14698.7977308677, 297, "vgood", "7-76"
"3", "onestage", 2546, 2057.58487274379, 46816.5525521824, 297, "vgood", "7-76"
"1", "varprop", 2460, 3000.38021419603, 87197.0763025702, 297, "vgood", "7-117"
"2", "delta", 2460, 2763.31075809181, 28017.0493947954, 297, "vgood", "7-117"
"3", "onestage", 2460, 2930.45416279539, 81033.4061794547, 297, "vgood", "7-117"
"1", "varprop", 2417, 2551.94737683089, 61700.9406154416, 284, "vgood", "7-157"
"2", "delta", 2417, 2412.70699569174, 22169.868641214, 284, "vgood", "7-157"
"3", "onestage", 2417, 2503.89935619727, 61841.4280541624, 284, "vgood", "7-157"
"1", "varprop", 2461, 2872.51840938, 80469.3213032794, 319, "vgood", "7-197"
"2", "delta", 2461, 2579.61140998731, 22949.5363952036, 319, "vgood", "7-197"
"3", "onestage", 2461, 2720.37404270877, 70896.9722904427, 319, "vgood", "7-197"
"1", "varprop", 2606, 2671.28215023611, 66013.5839968671, 315, "vgood", "7-37"
"2", "delta", 2606, 2534.37270089918, 22333.1595178826, 315, "vgood", "7-37"
"3", "onestage", 2606, 2704.89028750033, 68313.0203824608, 315, "vgood", "7-37"
"1", "varprop", 2470, 2488.82216679657, 63422.9681134481, 282, "vgood", "7-77"
"2", "delta", 2470, 2216.23803276731, 18894.6064299444, 282, "vgood", "7-77"
"3", "onestage", 2470, 2425.43339626468, 62045.4501400196, 282, "vgood", "7-77"
"1", "varprop", 2552, 2578.01983734108, 70601.8692521783, 282, "vgood", "7-118"
"2", "delta", 2552, 2299.2792517154, 20767.2207874484, 282, "vgood", "7-118"
"3", "onestage", 2552, 2469.21561129834, 62867.0440936301, 282, "vgood", "7-118"
"1", "varprop", 2485, 2503.08453474985, 69273.8266258694, 252, "vgood", "7-198"
"2", "delta", 2485, 2332.88252625178, 23705.3515877203, 252, "vgood", "7-198"
"3", "onestage", 2485, 2471.10508761663, 67301.9650955416, 252, "vgood", "7-198"
"1", "varprop", 2409, 2222.05119631751, 53875.5937806853, 272, "vgood", "7-158"
"2", "delta", 2409, 2114.04060425309, 17654.2386647077, 272, "vgood", "7-158"
"3", "onestage", 2409, 2347.37626602336, 60209.0466088798, 272, "vgood", "7-158"
"1", "varprop", 2539, 2267.25283995624, 51849.7068362077, 288, "vgood", "7-38"
"2", "delta", 2539, 2101.26786565923, 16827.7020961237, 288, "vgood", "7-38"
"3", "onestage", 2539, 2208.42897533709, 51107.2403018731, 288, "vgood", "7-38"
"1", "varprop", 2541, 2460.74085907926, 61096.7388855722, 286, "vgood", "7-78"
"2", "delta", 2541, 2264.02583091297, 19564.3118090433, 286, "vgood", "7-78"
"3", "onestage", 2541, 2403.19610215533, 60509.4673084662, 286, "vgood", "7-78"
"1", "varprop", 2567, 1966.38220355453, 35494.4543865976, 298, "vgood", "7-119"
"2", "delta", 2567, 1906.72462404899, 13217.8466921867, 298, "vgood", "7-119"
"3", "onestage", 2567, 2047.21008474658, 45675.0552716264, 298, "vgood", "7-119"
"1", "varprop", 2576, 2411.11920216493, 56680.8101025409, 278, "vgood", "7-199"
"2", "delta", 2576, 2312.4647528693, 20893.6210468863, 278, "vgood", "7-199"
"3", "onestage", 2576, 2426.78169379077, 64240.3957494681, 278, "vgood", "7-199"
"1", "varprop", 2466, 2674.19274840355, 66228.0751505358, 309, "vgood", "7-159"
"2", "delta", 2466, 2388.51791041658, 20159.5096673551, 309, "vgood", "7-159"
"3", "onestage", 2466, 2625.30629803334, 64769.9418329305, 309, "vgood", "7-159"
"1", "varprop", 2437, 2566.74148774205, 63471.2337000646, 292, "vgood", "7-39"
"2", "delta", 2437, 2413.19147290911, 21997.0038585211, 292, "vgood", "7-39"
"3", "onestage", 2437, 2549.83584074021, 65312.7415771307, 292, "vgood", "7-39"
"1", "varprop", 2516, 2188.58643119324, 48495.193303778, 281, "vgood", "7-79"
"2", "delta", 2516, 2175.02732624936, 18260.643059952, 281, "vgood", "7-79"
"3", "onestage", 2516, 2206.71976680346, 53052.7114985146, 281, "vgood", "7-79"
"1", "varprop", 2490, 2078.22482719953, 44120.4134167256, 287, "vgood", "7-120"
"2", "delta", 2490, 1913.3248172989, 13893.5413488829, 287, "vgood", "7-120"
"3", "onestage", 2490, 2138.95471387724, 49522.080548603, 287, "vgood", "7-120"
"1", "varprop", 2389, 2639.98645970833, 70627.0114115797, 300, "vgood", "7-200"
"2", "delta", 2389, 2501.84853481363, 22852.5062523557, 300, "vgood", "7-200"
"3", "onestage", 2389, 2663.56548313469, 70732.3867962672, 300, "vgood", "7-200"
"1", "varprop", 2544, 2251.21022772342, 54350.0350569408, 287, "vgood", "7-160"
"2", "delta", 2544, 2000.83598034047, 15059.0410932602, 287, "vgood", "7-160"
"3", "onestage", 2544, 2131.33734314392, 50205.3376865087, 287, "vgood", "7-160"
"1", "varprop", 2555, 2608.75352440827, 68374.6201937019, 294, "vgood", "7-40"
"2", "delta", 2555, 2351.89688864759, 20517.0117832596, 294, "vgood", "7-40"
"3", "onestage", 2555, 2596.55718261621, 69102.9436172701, 294, "vgood", "7-40"
"1", "varprop", 2584, 2431.19602145152, 62263.9150757521, 294, "vgood", "7-80"
"2", "delta", 2584, 2302.17046545843, 19596.4778137177, 294, "vgood", "7-80"
"3", "onestage", 2584, 2413.88893628552, 60391.7271951302, 294, "vgood", "7-80"
