"1", "varprop", 2534, 2411.32983457888, 190998.961600742, 74, "middle2", "4-161"
"2", "delta", 2534, 2340.12438302441, 79705.3396221455, 74, "middle2", "4-161"
"3", "onestage", 2534, 2401.60821674545, 191353.000928403, 74, "middle2", "4-161"
"1", "varprop", 2447, 3035.78237796792, 244423.396398848, 101, "middle2", "4-1"
"2", "delta", 2447, 2947.34145856946, 93525.8148194946, 101, "middle2", "4-1"
"3", "onestage", 2447, 3257.04847811654, 272528.64094375, 101, "middle2", "4-1"
"1", "varprop", 2457, 2944.59116191889, 209914.977595831, 94, "middle2", "4-81"
"2", "delta", 2457, 2890.78582790412, 93045.3320535676, 94, "middle2", "4-81"
"3", "onestage", 2457, 3027.69481792374, 243872.61538291, 94, "middle2", "4-81"
"1", "varprop", 2469, 2038.78391818255, 167812.21234703, 87, "middle2", "4-41"
"2", "delta", 2469, 2024.25945877828, 51447.3388668339, 87, "middle2", "4-41"
"3", "onestage", 2469, 1977.98773160228, 153049.991615258, 87, "middle2", "4-41"
"1", "varprop", 2468, 2933.29220914991, 292339.549361129, 85, "middle2", "4-121"
"2", "delta", 2468, 2655.1947647281, 92303.8723601523, 85, "middle2", "4-121"
"3", "onestage", 2468, 2841.40377738206, 252833.693767316, 85, "middle2", "4-121"
"1", "varprop", 2427, 2490.5566492542, 226537.635762799, 72, "middle2", "4-162"
"2", "delta", 2427, 2096.57415727369, 64763.0619916894, 72, "middle2", "4-162"
"3", "onestage", 2427, 2326.09438108642, 193658.613491271, 72, "middle2", "4-162"
"1", "varprop", 2528, 2683.80539889313, 265614.495887637, 77, "middle2", "4-2"
"2", "delta", 2528, 2297.09041628951, 76132.608167118, 77, "middle2", "4-2"
"3", "onestage", 2528, 2567.63438801933, 226572.839953625, 77, "middle2", "4-2"
"1", "varprop", 2537, 1423.30755706201, 78425.73692496, 76, "middle2", "4-82"
"2", "delta", 2537, 1413.87811042377, 28133.7134423112, 76, "middle2", "4-82"
"3", "onestage", 2537, 1431.70585525878, 85010.606156387, 76, "middle2", "4-82"
"1", "varprop", 2461, 2389.54640899955, 262308.400006778, 75, "middle2", "4-42"
"2", "delta", 2461, 2169.23211505232, 70473.9702767904, 75, "middle2", "4-42"
"3", "onestage", 2461, 2340.44945679666, 221936.56022742, 75, "middle2", "4-42"
"1", "varprop", 2498, 2215.10223364657, 212815.706463909, 85, "middle2", "4-122"
"2", "delta", 2498, 2113.57214516723, 56385.8140402565, 85, "middle2", "4-122"
"3", "onestage", 2498, 2074.18248918693, 192147.169745204, 85, "middle2", "4-122"
"1", "varprop", 2570, 1961.91726590216, 114658.956940562, 91, "middle2", "4-163"
"2", "delta", 2570, 2116.82207170772, 53937.6246017373, 91, "middle2", "4-163"
"3", "onestage", 2570, 2284.44985521402, 212939.431588536, 91, "middle2", "4-163"
"1", "varprop", 2446, 2897.68945491191, 321645.833010549, 73, "middle2", "4-3"
"2", "delta", 2446, 2394.04642236067, 84777.3356646404, 73, "middle2", "4-3"
"3", "onestage", 2446, 2624.05304579951, 256615.13075366, 73, "middle2", "4-3"
"1", "varprop", 2510, 3444.57858675715, 393458.390362113, 78, "middle2", "4-43"
"2", "delta", 2510, 3197.30483072063, 145144.888667844, 78, "middle2", "4-43"
"3", "onestage", 2510, 3299.01846388062, 327775.403859288, 78, "middle2", "4-43"
"1", "varprop", 2517, 2311.11123525977, 151243.907211821, 90, "middle2", "4-83"
"2", "delta", 2517, 2208.91857321767, 57832.7331958037, 90, "middle2", "4-83"
"3", "onestage", 2517, 2298.36958132742, 171909.650743626, 90, "middle2", "4-83"
"1", "varprop", 2558, 2839.10329501812, 238210.559584198, 90, "middle2", "4-123"
"2", "delta", 2558, 2581.51098811503, 81265.0478234457, 90, "middle2", "4-123"
"3", "onestage", 2558, 2854.52222391251, 235396.547134239, 90, "middle2", "4-123"
"1", "varprop", 2491, 2233.00264094798, 173427.541918456, 77, "middle2", "4-4"
"2", "delta", 2491, 2066.71121811472, 59422.970444534, 77, "middle2", "4-4"
"3", "onestage", 2491, 2121.68194691755, 171477.3910409, 77, "middle2", "4-4"
"1", "varprop", 2421, 2201.41799345529, 148100.540841815, 80, "middle2", "4-164"
"2", "delta", 2421, 1949.0924747598, 50930.8510635292, 80, "middle2", "4-164"
"3", "onestage", 2421, 2156.07400787955, 141790.938407114, 80, "middle2", "4-164"
"1", "varprop", 2481, 2431.5484888698, 202612.53401574, 79, "middle2", "4-84"
"2", "delta", 2481, 2351.59411710475, 77324.8530980794, 79, "middle2", "4-84"
"3", "onestage", 2481, 2344.64282032569, 196389.551887882, 79, "middle2", "4-84"
"1", "varprop", 2485, 1656.45977581248, 106377.829816244, 73, "middle2", "4-44"
"2", "delta", 2485, 1658.08133794745, 40956.5018632716, 73, "middle2", "4-44"
"3", "onestage", 2485, 1683.54643084237, 131520.993607028, 73, "middle2", "4-44"
"1", "varprop", 2484, 1780.57833278725, 108724.461445414, 77, "middle2", "4-124"
"2", "delta", 2484, 1675.95539834975, 40398.8046608763, 77, "middle2", "4-124"
"3", "onestage", 2484, 1685.76049489783, 107483.548033585, 77, "middle2", "4-124"
"1", "varprop", 2510, 3453.05101945914, 416903.184596503, 86, "middle2", "4-165"
"2", "delta", 2510, 3182.88155390564, 126599.252573174, 86, "middle2", "4-165"
"3", "onestage", 2510, 3399.06313136268, 327212.089536201, 86, "middle2", "4-165"
"1", "varprop", 2486, 3192.46941477308, 288434.69894208, 88, "middle2", "4-5"
"2", "delta", 2486, 3130.36865490887, 123685.414116324, 88, "middle2", "4-5"
"3", "onestage", 2486, 3171.42951232963, 308683.8181525, 88, "middle2", "4-5"
"1", "varprop", 2539, 2836.35933330032, 221886.209133307, 90, "middle2", "4-85"
"2", "delta", 2539, 2684.86910042218, 88426.6699883022, 90, "middle2", "4-85"
"3", "onestage", 2539, 2718.32848757826, 222848.777157925, 90, "middle2", "4-85"
"1", "varprop", 2481, 1939.01218818029, 157800.718459967, 79, "middle2", "4-45"
"2", "delta", 2481, 1874.10587659981, 48027.612784606, 79, "middle2", "4-45"
"3", "onestage", 2481, 1854.83835382464, 143580.05186416, 79, "middle2", "4-45"
"1", "varprop", 2496, 2623.18580468105, 259936.302338993, 85, "middle2", "4-125"
"2", "delta", 2496, 2479.46908389645, 79853.3036144618, 85, "middle2", "4-125"
"3", "onestage", 2496, 2482.78088743288, 205458.623831975, 85, "middle2", "4-125"
"1", "varprop", 2523, 2382.98739623544, 200171.734776663, 73, "middle2", "4-6"
"2", "delta", 2523, 2351.02441121885, 79566.0056782525, 73, "middle2", "4-6"
"3", "onestage", 2523, 2408.75028411239, 190822.352345011, 73, "middle2", "4-6"
"1", "varprop", 2473, 2918.01956857791, 231273.723970765, 93, "middle2", "4-166"
"2", "delta", 2473, 2821.00621420855, 90586.6099648167, 93, "middle2", "4-166"
"3", "onestage", 2473, 2916.28477485108, 224435.279572789, 93, "middle2", "4-166"
"1", "varprop", 2489, 1806.08562181926, 128456.023517363, 74, "middle2", "4-86"
"2", "delta", 2489, 1785.71578158143, 46318.0530379004, 74, "middle2", "4-86"
"3", "onestage", 2489, 1783.19501769481, 146175.961127078, 74, "middle2", "4-86"
"1", "varprop", 2469, 2375.63041115772, 166711.042876571, 85, "middle2", "4-46"
"2", "delta", 2469, 2279.78050627695, 66362.9569435034, 85, "middle2", "4-46"
"3", "onestage", 2469, 2619.7104242646, 233603.700157854, 85, "middle2", "4-46"
"1", "varprop", 2530, 3106.09247112852, 330282.902677702, 81, "middle2", "4-126"
"2", "delta", 2530, 2944.49938239614, 122220.607338345, 81, "middle2", "4-126"
"3", "onestage", 2530, 3012.72405546254, 310861.094810176, 81, "middle2", "4-126"
"1", "varprop", 2573, 2200.18972564128, 164518.729096126, 93, "middle2", "4-7"
"2", "delta", 2573, 2081.49819825655, 49853.7927266844, 93, "middle2", "4-7"
"3", "onestage", 2573, 2245.05424600108, 175962.245748804, 93, "middle2", "4-7"
"1", "varprop", 2431, 2539.4520404517, 221355.807589761, 68, "middle2", "4-167"
"2", "delta", 2431, 2446.07433180285, 95807.8700780429, 68, "middle2", "4-167"
"3", "onestage", 2431, 2512.26736485108, 219379.950367415, 68, "middle2", "4-167"
"1", "varprop", 2508, 2214.86847388379, 178373.39835953, 74, "middle2", "4-87"
"2", "delta", 2508, 2012.5979736089, 58278.685274818, 74, "middle2", "4-87"
"3", "onestage", 2508, 2111.35583379115, 208367.264487965, 74, "middle2", "4-87"
"1", "varprop", 2499, 2123.08978889776, 204909.230974128, 55, "middle2", "4-127"
"2", "delta", 2499, 1609.39753288718, 51235.4772727081, 55, "middle2", "4-127"
"3", "onestage", 2499, 1918.77578114806, 175154.935588491, 55, "middle2", "4-127"
"1", "varprop", 2494, 2261.73397032591, 166761.320138901, 80, "middle2", "4-47"
"2", "delta", 2494, 2076.70238172658, 59810.4260628368, 80, "middle2", "4-47"
"3", "onestage", 2494, 2282.16162553863, 175787.751006217, 80, "middle2", "4-47"
"1", "varprop", 2492, 2250.01133470725, 191474.842540286, 74, "middle2", "4-8"
"2", "delta", 2492, 1845.30640633357, 49670.0765448105, 74, "middle2", "4-8"
"3", "onestage", 2492, 2101.49078408086, 156149.549625737, 74, "middle2", "4-8"
"1", "varprop", 2524, 3371.56493586796, 383444.660169122, 82, "middle2", "4-168"
"2", "delta", 2524, 2919.44741455731, 110403.536500053, 82, "middle2", "4-168"
"3", "onestage", 2524, 3097.16407308363, 287427.094383447, 82, "middle2", "4-168"
"1", "varprop", 2458, 2098.15478173314, 164460.893972848, 66, "middle2", "4-128"
"2", "delta", 2458, 1845.03933549573, 54478.1728858562, 66, "middle2", "4-128"
"3", "onestage", 2458, 2060.73106064747, 159949.572669001, 66, "middle2", "4-128"
"1", "varprop", 2477, 1539.19863190669, 85406.8818241428, 74, "middle2", "4-88"
"2", "delta", 2477, 1713.4525918557, 43535.2345658726, 74, "middle2", "4-88"
"3", "onestage", 2477, 1563.93325330451, 134698.247511037, 74, "middle2", "4-88"
"1", "varprop", 2500, 1614.46182012643, 91175.0470681509, 68, "middle2", "4-48"
"2", "delta", 2500, 1660.99430192225, 45632.3939766242, 68, "middle2", "4-48"
"3", "onestage", 2500, 1795.19657966245, 137136.604594203, 68, "middle2", "4-48"
"1", "varprop", 2547, 2512.87729355184, 186758.201867671, 85, "middle2", "4-9"
"2", "delta", 2547, 2537.5449396475, 82553.7976013902, 85, "middle2", "4-9"
"3", "onestage", 2547, 2595.77413028642, 209293.62787681, 85, "middle2", "4-9"
"1", "varprop", 2511, 3142.76188291821, 323614.803810323, 72, "middle2", "4-169"
"2", "delta", 2511, 2851.77445601195, 123204.799875001, 72, "middle2", "4-169"
"3", "onestage", 2511, 2966.15875658416, 289593.884071847, 72, "middle2", "4-169"
"1", "varprop", 2559, 1948.4727734834, 128381.855606297, 76, "middle2", "4-129"
"2", "delta", 2559, 2029.21599381437, 60336.0150231139, 76, "middle2", "4-129"
"3", "onestage", 2559, 2074.54539358558, 238302.190853183, 76, "middle2", "4-129"
"1", "varprop", 2508, 1925.30700277041, 116963.010916426, 73, "middle2", "4-49"
"2", "delta", 2508, 1916.93120196152, 56279.1951253244, 73, "middle2", "4-49"
"3", "onestage", 2508, 2186.38936467385, 180938.478400756, 73, "middle2", "4-49"
"1", "varprop", 2483, 2372.77535006932, 167116.749352074, 91, "middle2", "4-89"
"2", "delta", 2483, 2422.37649104529, 70801.9866199504, 91, "middle2", "4-89"
"3", "onestage", 2483, 2429.24067679667, 177287.851511466, 91, "middle2", "4-89"
"1", "varprop", 2517, 2371.06007616334, 147516.071530512, 79, "middle2", "4-170"
"2", "delta", 2517, 2241.24592638351, 69026.3852563783, 79, "middle2", "4-170"
"3", "onestage", 2517, 2376.9769061055, 169168.611501712, 79, "middle2", "4-170"
"1", "varprop", 2481, 2391.60451768699, 152786.771861329, 91, "middle2", "4-10"
"2", "delta", 2481, 2321.00107042563, 63546.0620997842, 91, "middle2", "4-10"
"3", "onestage", 2481, 2543.74313691225, 186734.881341007, 91, "middle2", "4-10"
"1", "varprop", 2470, 2852.61059863308, 234594.608769678, 82, "middle2", "4-50"
"2", "delta", 2470, 2758.71874420557, 101704.964598906, 82, "middle2", "4-50"
"3", "onestage", 2470, 2785.76748814032, 254732.042894626, 82, "middle2", "4-50"
"1", "varprop", 2469, 1771.5926095312, 78249.9756456878, 81, "middle2", "4-130"
"2", "delta", 2469, 1784.87056982839, 45318.9072983398, 81, "middle2", "4-130"
"3", "onestage", 2469, 1873.56230005986, 158562.896922756, 81, "middle2", "4-130"
"1", "varprop", 2451, 2036.83964444433, 162078.551141309, 70, "middle2", "4-90"
"2", "delta", 2451, 1910.33760032394, 55384.4237521907, 70, "middle2", "4-90"
"3", "onestage", 2451, 1923.86341845671, 156314.48691551, 70, "middle2", "4-90"
"1", "varprop", 2475, 2309.81086942418, 155461.61332733, 86, "middle2", "4-171"
"2", "delta", 2475, 2151.20416091571, 57719.7234814228, 86, "middle2", "4-171"
"3", "onestage", 2475, 2201.23636551001, 167062.822864274, 86, "middle2", "4-171"
"1", "varprop", 2529, 2469.5254343918, 250145.061661132, 79, "middle2", "4-11"
"2", "delta", 2529, 2521.39807402025, 88876.3396889264, 79, "middle2", "4-11"
"3", "onestage", 2529, 2554.89898253786, 245028.883617628, 79, "middle2", "4-11"
"1", "varprop", 2467, 3819.37948870966, 437175.159948674, 90, "middle2", "4-51"
"2", "delta", 2467, 3650.17414560961, 157650.692472301, 90, "middle2", "4-51"
"3", "onestage", 2467, 3807.20080835896, 419315.304139079, 90, "middle2", "4-51"
"1", "varprop", 2548, 2085.25451676176, 117223.191377725, 83, "middle2", "4-91"
"2", "delta", 2548, 2057.24299975224, 54626.7245482688, 83, "middle2", "4-91"
"3", "onestage", 2548, 2137.47498923959, 135133.000696869, 83, "middle2", "4-91"
"1", "varprop", 2428, 2897.85582011418, 277687.006185033, 75, "middle2", "4-131"
"2", "delta", 2428, 2826.89762210217, 117809.118030501, 75, "middle2", "4-131"
"3", "onestage", 2428, 2916.70722358502, 288707.678662288, 75, "middle2", "4-131"
"1", "varprop", 2505, 1891.14263257221, 119767.861367687, 78, "middle2", "4-172"
"2", "delta", 2505, 1783.43477948001, 43655.2847987721, 78, "middle2", "4-172"
"3", "onestage", 2505, 1791.20826907483, 129084.013077723, 78, "middle2", "4-172"
"1", "varprop", 2553, 3001.55063170922, 233700.237610564, 89, "middle2", "4-12"
"2", "delta", 2553, 2858.05687412689, 99752.1261605144, 89, "middle2", "4-12"
"3", "onestage", 2553, 3027.63812750443, 259728.691788658, 89, "middle2", "4-12"
"1", "varprop", 2428, 1758.26700212296, 110931.193625301, 69, "middle2", "4-52"
"2", "delta", 2428, 1470.94109628105, 34239.7338081394, 69, "middle2", "4-52"
"3", "onestage", 2428, 1693.50063258359, 110726.939562004, 69, "middle2", "4-52"
"1", "varprop", 2508, 2554.81145870424, 257688.002949792, 73, "middle2", "4-92"
"2", "delta", 2508, 2632.09330794965, 105294.655925162, 73, "middle2", "4-92"
"3", "onestage", 2508, 2639.54930939057, 257978.382710176, 73, "middle2", "4-92"
"1", "varprop", 2441, 2854.27689513455, 238268.425630429, 84, "middle2", "4-132"
"2", "delta", 2441, 2468.56391885951, 77431.4252994042, 84, "middle2", "4-132"
"3", "onestage", 2441, 2754.47835273475, 226162.56717698, 84, "middle2", "4-132"
"1", "varprop", 2443, 2380.06506140666, 194547.107935636, 75, "middle2", "4-173"
"2", "delta", 2443, 2279.80335498198, 76919.2747557241, 75, "middle2", "4-173"
"3", "onestage", 2443, 2379.26721103383, 183526.578009276, 75, "middle2", "4-173"
"1", "varprop", 2560, 2501.88803816993, 211704.811552711, 79, "middle2", "4-13"
"2", "delta", 2560, 2433.84460885429, 84198.9083037781, 79, "middle2", "4-13"
"3", "onestage", 2560, 2434.29623545935, 197658.025643269, 79, "middle2", "4-13"
"1", "varprop", 2498, 2022.21917738606, 126998.006966542, 79, "middle2", "4-53"
"2", "delta", 2498, 2065.32678428154, 58809.9623547826, 79, "middle2", "4-53"
"3", "onestage", 2498, 2223.26099064487, 204351.492029425, 79, "middle2", "4-53"
"1", "varprop", 2483, 2071.78500805254, 124845.245843586, 79, "middle2", "4-133"
"2", "delta", 2483, 1868.54471814578, 49124.2878762924, 79, "middle2", "4-133"
"3", "onestage", 2483, 2094.77061437767, 150593.841227219, 79, "middle2", "4-133"
"1", "varprop", 2499, 2527.99700627696, 161045.545363096, 91, "middle2", "4-93"
"2", "delta", 2499, 2370.30092313931, 67650.2223765042, 91, "middle2", "4-93"
"3", "onestage", 2499, 2639.68770383758, 199577.078142818, 91, "middle2", "4-93"
"1", "varprop", 2451, 3260.39366173411, 347467.46215381, 83, "middle2", "4-174"
"2", "delta", 2451, 2869.39436170333, 107752.835059173, 83, "middle2", "4-174"
"3", "onestage", 2451, 3057.81334204025, 301127.221499746, 83, "middle2", "4-174"
"1", "varprop", 2510, 2353.24380830955, 206846.079464977, 77, "middle2", "4-14"
"2", "delta", 2510, 2138.78589127234, 64825.142127448, 77, "middle2", "4-14"
"3", "onestage", 2510, 2236.5184782169, 188665.42661859, 77, "middle2", "4-14"
"1", "varprop", 2459, 2508.71498941637, 181316.858612593, 83, "middle2", "4-54"
"2", "delta", 2459, 2207.52968465422, 64332.350755391, 83, "middle2", "4-54"
"3", "onestage", 2459, 2467.81992050925, 188968.771037363, 83, "middle2", "4-54"
"1", "varprop", 2618, 1729.90540659873, 117361.06080096, 66, "middle2", "4-134"
"2", "delta", 2618, 1683.38529825488, 46594.6330170497, 66, "middle2", "4-134"
"3", "onestage", 2618, 1597.7309322761, 138628.909218235, 66, "middle2", "4-134"
"1", "varprop", 2476, 2517.00711573908, 175142.226339544, 89, "middle2", "4-94"
"2", "delta", 2476, 2342.70707998801, 66921.0656189781, 89, "middle2", "4-94"
"3", "onestage", 2476, 2581.39428166222, 189325.560969569, 89, "middle2", "4-94"
"1", "varprop", 2519, 2870.33163552382, 205725.657481005, 100, "middle2", "4-175"
"2", "delta", 2519, 2673.74754489168, 80603.8560003291, 100, "middle2", "4-175"
"3", "onestage", 2519, 2895.75720266901, 222866.363325092, 100, "middle2", "4-175"
"1", "varprop", 2451, 2237.68753842972, 178436.852304327, 80, "middle2", "4-15"
"2", "delta", 2451, 2013.22421330549, 54386.5937916452, 80, "middle2", "4-15"
"3", "onestage", 2451, 2090.25093610243, 154859.730078491, 80, "middle2", "4-15"
"1", "varprop", 2471, 2712.90102220281, 249696.468413958, 82, "middle2", "4-55"
"2", "delta", 2471, 2600.97284698695, 88588.3877014783, 82, "middle2", "4-55"
"3", "onestage", 2471, 2703.56131472674, 282442.490046148, 82, "middle2", "4-55"
"1", "varprop", 2561, 3054.30556165623, 298425.199147454, 74, "middle2", "4-95"
"2", "delta", 2561, 2606.07702092364, 99443.631221772, 74, "middle2", "4-95"
"3", "onestage", 2561, 2850.89744087248, 268347.696686533, 74, "middle2", "4-95"
"1", "varprop", 2579, 2414.24650981311, 173769.179579459, 101, "middle2", "4-135"
"2", "delta", 2579, 2444.45116764714, 64255.6092101609, 101, "middle2", "4-135"
"3", "onestage", 2579, 2630.92767928788, 215768.198925606, 101, "middle2", "4-135"
"1", "varprop", 2586, 2573.58428571319, 172546.626856524, 99, "middle2", "4-176"
"2", "delta", 2586, 2416.17041091978, 63854.0915536368, 99, "middle2", "4-176"
"3", "onestage", 2586, 2543.01186214436, 175321.831694681, 99, "middle2", "4-176"
"1", "varprop", 2539, 2541.47472576917, 207144.624634322, 83, "middle2", "4-16"
"2", "delta", 2539, 2089.95100925028, 57005.0719249365, 83, "middle2", "4-16"
"3", "onestage", 2539, 2540.10119399033, 219724.785836669, 83, "middle2", "4-16"
"1", "varprop", 2474, 2989.41236805836, 287305.761776573, 92, "middle2", "4-56"
"2", "delta", 2474, 2873.21458993279, 99233.9052144285, 92, "middle2", "4-56"
"3", "onestage", 2474, 2957.29996600678, 278156.681020469, 92, "middle2", "4-56"
"1", "varprop", 2572, 2414.20995124999, 205757.57806966, 73, "middle2", "4-136"
"2", "delta", 2572, 1976.59700876, 57844.9635141383, 73, "middle2", "4-136"
"3", "onestage", 2572, 2236.47392737544, 170427.338505284, 73, "middle2", "4-136"
"1", "varprop", 2554, 2796.48399185638, 250641.54034093, 88, "middle2", "4-96"
"2", "delta", 2554, 2439.5654927116, 73101.1839071284, 88, "middle2", "4-96"
"3", "onestage", 2554, 2687.61052389899, 209466.013903288, 88, "middle2", "4-96"
"1", "varprop", 2498, 1953.74470484653, 163295.591633227, 65, "middle2", "4-177"
"2", "delta", 2498, 1906.05707269329, 60355.634097359, 65, "middle2", "4-177"
"3", "onestage", 2498, 1887.79606539549, 141332.26715222, 65, "middle2", "4-177"
"1", "varprop", 2498, 2523.83900405606, 207439.770644461, 87, "middle2", "4-17"
"2", "delta", 2498, 2190.71182583938, 59045.0177354874, 87, "middle2", "4-17"
"3", "onestage", 2498, 2578.07916625114, 214914.928701252, 87, "middle2", "4-17"
"1", "varprop", 2534, 2521.762725304, 187736.094162013, 80, "middle2", "4-57"
"2", "delta", 2534, 2436.66478131308, 81832.422654849, 80, "middle2", "4-57"
"3", "onestage", 2534, 2492.43829066057, 210625.111749836, 80, "middle2", "4-57"
"1", "varprop", 2484, 2577.39899068347, 234892.350332759, 68, "middle2", "4-97"
"2", "delta", 2484, 2623.18403758016, 109892.548532845, 68, "middle2", "4-97"
"3", "onestage", 2484, 2679.51523177797, 245364.519107697, 68, "middle2", "4-97"
"1", "varprop", 2551, 2730.65756540664, 214491.956360577, 92, "middle2", "4-137"
"2", "delta", 2551, 2516.56581129528, 74192.2702200449, 92, "middle2", "4-137"
"3", "onestage", 2551, 2771.84152647492, 226912.351702012, 92, "middle2", "4-137"
"1", "varprop", 2554, 2990.52656547847, 296816.940806155, 82, "middle2", "4-178"
"2", "delta", 2554, 2667.97159771863, 95336.3862963916, 82, "middle2", "4-178"
"3", "onestage", 2554, 2872.56298159908, 288356.806470276, 82, "middle2", "4-178"
"1", "varprop", 2537, 2426.370951481, 155113.560149162, 85, "middle2", "4-18"
"2", "delta", 2537, 2205.34200811782, 61113.4589391661, 85, "middle2", "4-18"
"3", "onestage", 2537, 2320.3304505471, 160833.903834248, 85, "middle2", "4-18"
"1", "varprop", 2548, 2433.72265608495, 142222.306931364, 94, "middle2", "4-58"
"2", "delta", 2548, 2172.49928641375, 55568.7698129767, 94, "middle2", "4-58"
"3", "onestage", 2548, 2323.34947033722, 146912.133152927, 94, "middle2", "4-58"
"1", "varprop", 2560, 1482.66239462747, 67895.0813746003, 71, "middle2", "4-98"
"2", "delta", 2560, 1435.46026338433, 30969.8360214494, 71, "middle2", "4-98"
"3", "onestage", 2560, 1497.80938458609, 85641.6758767466, 71, "middle2", "4-98"
"1", "varprop", 2485, 1806.03032758084, 95024.3229165323, 87, "middle2", "4-138"
"2", "delta", 2485, 1754.39637956701, 37975.2256989052, 87, "middle2", "4-138"
"3", "onestage", 2485, 1785.76445167783, 99941.1023822694, 87, "middle2", "4-138"
"1", "varprop", 2373, 2571.45635613296, 216739.980255961, 80, "middle2", "4-179"
"2", "delta", 2373, 2384.53534642029, 78075.5943061341, 80, "middle2", "4-179"
"3", "onestage", 2373, 2590.71503079806, 210257.88897346, 80, "middle2", "4-179"
"1", "varprop", 2418, 2614.35438121884, 188892.605336928, 83, "middle2", "4-59"
"2", "delta", 2418, 2333.66485464721, 71089.9995374183, 83, "middle2", "4-59"
"3", "onestage", 2418, 2562.87519276838, 204400.072155549, 83, "middle2", "4-59"
"1", "varprop", 2507, 2216.89806054038, 176262.491776085, 84, "middle2", "4-19"
"2", "delta", 2507, 2129.2171394926, 60152.8222652408, 84, "middle2", "4-19"
"3", "onestage", 2507, 2145.47661378238, 180427.820428675, 84, "middle2", "4-19"
"1", "varprop", 2500, 1894.02523996959, 138663.201461953, 65, "middle2", "4-99"
"2", "delta", 2500, 1839.5268082522, 55381.312786345, 65, "middle2", "4-99"
"3", "onestage", 2500, 1873.29680687273, 162417.694798312, 65, "middle2", "4-99"
"1", "varprop", 2505, 2956.07879366527, 302473.260452183, 82, "middle2", "4-139"
"2", "delta", 2505, 2395.0075331303, 76675.0130220029, 82, "middle2", "4-139"
"3", "onestage", 2505, 2654.36749540633, 211626.561944271, 82, "middle2", "4-139"
"1", "varprop", 2503, 2164.0486482958, 163410.879002175, 73, "middle2", "4-180"
"2", "delta", 2503, 2082.47069249203, 63584.8357368586, 73, "middle2", "4-180"
"3", "onestage", 2503, 2075.24223058309, 164012.384684507, 73, "middle2", "4-180"
"1", "varprop", 2406, 2095.29926609434, 176765.237141005, 72, "middle2", "4-60"
"2", "delta", 2406, 2010.33508288565, 62573.699866389, 72, "middle2", "4-60"
"3", "onestage", 2406, 1962.81824222365, 170552.041232406, 72, "middle2", "4-60"
"1", "varprop", 2468, 2555.90016027959, 225398.044762995, 72, "middle2", "4-20"
"2", "delta", 2468, 2307.19053892951, 82106.025219174, 72, "middle2", "4-20"
"3", "onestage", 2468, 2545.21858059738, 225403.521920472, 72, "middle2", "4-20"
"1", "varprop", 2524, 2275.94111992256, 183954.214448211, 82, "middle2", "4-100"
"2", "delta", 2524, 2078.4559471681, 57118.6952078977, 82, "middle2", "4-100"
"3", "onestage", 2524, 2254.66359809329, 152141.687609517, 82, "middle2", "4-100"
"1", "varprop", 2486, 2299.48287350479, 166614.335729693, 81, "middle2", "4-140"
"2", "delta", 2486, 2236.81204235918, 66899.6535185827, 81, "middle2", "4-140"
"3", "onestage", 2486, 2696.59430393121, 339676.04798482, 81, "middle2", "4-140"
"1", "varprop", 2494, 2234.91386515992, 173860.400144521, 84, "middle2", "4-181"
"2", "delta", 2494, 2121.26100559013, 57827.0531281472, 84, "middle2", "4-181"
"3", "onestage", 2494, 2198.90549291817, 163078.107669874, 84, "middle2", "4-181"
"1", "varprop", 2494, 1971.33165301999, 110870.094599626, 88, "middle2", "4-21"
"2", "delta", 2494, 1938.14019147761, 46452.9762672652, 88, "middle2", "4-21"
"3", "onestage", 2494, 1977.37200506541, 123500.707103485, 88, "middle2", "4-21"
"1", "varprop", 2534, 2338.20604720515, 168518.383286119, 87, "middle2", "4-61"
"2", "delta", 2534, 1983.89060387387, 50214.5434927104, 87, "middle2", "4-61"
"3", "onestage", 2534, 2378.90592973704, 215248.310160884, 87, "middle2", "4-61"
"1", "varprop", 2520, 3213.96913388754, 274522.936793864, 102, "middle2", "4-101"
"2", "delta", 2520, 3156.1908436404, 106693.028682189, 102, "middle2", "4-101"
"3", "onestage", 2520, 3346.1992013353, 294626.730516944, 102, "middle2", "4-101"
"1", "varprop", 2530, 1949.65582564567, 107142.20466696, 90, "middle2", "4-141"
"2", "delta", 2530, 1853.94346590508, 41246.4184455708, 90, "middle2", "4-141"
"3", "onestage", 2530, 2224.66108242121, 178140.700291594, 90, "middle2", "4-141"
"1", "varprop", 2552, 2234.51989729964, 163345.592500844, 78, "middle2", "4-182"
"2", "delta", 2552, 2036.10928803358, 57597.1967849088, 78, "middle2", "4-182"
"3", "onestage", 2552, 2173.58413698316, 178945.450433357, 78, "middle2", "4-182"
"1", "varprop", 2493, 2464.18634878432, 173393.662093949, 88, "middle2", "4-22"
"2", "delta", 2493, 2105.95709223481, 55995.5556113566, 88, "middle2", "4-22"
"3", "onestage", 2493, 2343.9853642739, 187805.933529028, 88, "middle2", "4-22"
"1", "varprop", 2506, 2042.01007402761, 142043.750960642, 78, "middle2", "4-62"
"2", "delta", 2506, 2030.21098553957, 57136.8418416291, 78, "middle2", "4-62"
"3", "onestage", 2506, 2063.42242210045, 147898.090395643, 78, "middle2", "4-62"
"1", "varprop", 2574, 2092.5574216915, 149689.531257828, 73, "middle2", "4-102"
"2", "delta", 2574, 2025.33223099234, 60964.2604350846, 73, "middle2", "4-102"
"3", "onestage", 2574, 2082.63719142949, 160836.356190596, 73, "middle2", "4-102"
"1", "varprop", 2538, 2833.98115825042, 285121.107005435, 78, "middle2", "4-142"
"2", "delta", 2538, 2654.14681180523, 103022.425189836, 78, "middle2", "4-142"
"3", "onestage", 2538, 2739.49467660533, 257427.893397514, 78, "middle2", "4-142"
"1", "varprop", 2453, 1609.11762735151, 114990.421366813, 57, "middle2", "4-183"
"2", "delta", 2453, 1462.94019309489, 40607.0573902044, 57, "middle2", "4-183"
"3", "onestage", 2453, 1514.62945669555, 110118.984737897, 57, "middle2", "4-183"
"1", "varprop", 2462, 1712.24309795281, 118717.245133777, 67, "middle2", "4-23"
"2", "delta", 2462, 1543.25156341309, 39275.0626635729, 67, "middle2", "4-23"
"3", "onestage", 2462, 1765.8093008312, 130760.085850175, 67, "middle2", "4-23"
"1", "varprop", 2549, 2634.21431027883, 191358.488787465, 92, "middle2", "4-63"
"2", "delta", 2549, 2538.22861920643, 76640.032769726, 92, "middle2", "4-63"
"3", "onestage", 2549, 2835.26381097616, 230950.164701321, 92, "middle2", "4-63"
"1", "varprop", 2419, 2042.54547195487, 155823.08933669, 69, "middle2", "4-103"
"2", "delta", 2419, 1855.40226504853, 56559.4065606209, 69, "middle2", "4-103"
"3", "onestage", 2419, 1921.60511872862, 150058.470893216, 69, "middle2", "4-103"
"1", "varprop", 2512, 3269.8108845485, 336231.845119205, 84, "middle2", "4-143"
"2", "delta", 2512, 2819.84037289231, 102328.720621311, 84, "middle2", "4-143"
"3", "onestage", 2512, 3150.09121462327, 292843.65608308, 84, "middle2", "4-143"
"1", "varprop", 2440, 1561.1824950264, 77658.4917089746, 91, "middle2", "4-184"
"2", "delta", 2440, 1716.52840081674, 34915.1470240485, 91, "middle2", "4-184"
"3", "onestage", 2440, 1728.58997016002, 134222.190290694, 91, "middle2", "4-184"
"1", "varprop", 2472, 3484.51782423929, 321956.509883283, 94, "middle2", "4-24"
"2", "delta", 2472, 3200.53329805509, 115576.772405496, 94, "middle2", "4-24"
"3", "onestage", 2472, 3321.18940489566, 288244.158484405, 94, "middle2", "4-24"
"1", "varprop", 2500, 2375.84790067959, 171237.460758672, 86, "middle2", "4-64"
"2", "delta", 2500, 2120.22385214251, 55738.6178334174, 86, "middle2", "4-64"
"3", "onestage", 2500, 2286.17962396031, 168389.985743425, 86, "middle2", "4-64"
"1", "varprop", 2571, 2368.74664221426, 192983.070982793, 80, "middle2", "4-104"
"2", "delta", 2571, 2187.1681284468, 64390.6928652013, 80, "middle2", "4-104"
"3", "onestage", 2571, 2361.55897352738, 183280.478245357, 80, "middle2", "4-104"
"1", "varprop", 2439, 3495.14922034849, 427182.366179465, 84, "middle2", "4-144"
"2", "delta", 2439, 3292.78837201745, 140060.76854733, 84, "middle2", "4-144"
"3", "onestage", 2439, 3361.48383441295, 361218.547052712, 84, "middle2", "4-144"
"1", "varprop", 2451, 2106.33756860895, 155210.561364691, 73, "middle2", "4-185"
"2", "delta", 2451, 1900.56505242816, 54996.2061626971, 73, "middle2", "4-185"
"3", "onestage", 2451, 2095.79615330088, 154460.624085201, 73, "middle2", "4-185"
"1", "varprop", 2363, 2445.71013987587, 203638.92416628, 68, "middle2", "4-65"
"2", "delta", 2363, 2449.11386139073, 93571.1797357352, 68, "middle2", "4-65"
"3", "onestage", 2363, 2450.20926865466, 220727.54723195, 68, "middle2", "4-65"
"1", "varprop", 2456, 2269.5697328558, 171663.098076291, 79, "middle2", "4-105"
"2", "delta", 2456, 1795.06361398449, 44542.8979592894, 79, "middle2", "4-105"
"3", "onestage", 2456, 2027.49796446443, 134533.279191519, 79, "middle2", "4-105"
"1", "varprop", 2463, 2498.61939458281, 250576.983085648, 74, "middle2", "4-25"
"2", "delta", 2463, 2546.28747543252, 99475.2860153493, 74, "middle2", "4-25"
"3", "onestage", 2463, 2582.33117269422, 264474.710281362, 74, "middle2", "4-25"
"1", "varprop", 2483, 2501.97156027909, 209528.968196117, 88, "middle2", "4-145"
"2", "delta", 2483, 2457.22086797446, 74030.8768968925, 88, "middle2", "4-145"
"3", "onestage", 2483, 2568.48284889913, 195444.509733167, 88, "middle2", "4-145"
"1", "varprop", 2513, 2385.58046125592, 183435.165838209, 80, "middle2", "4-186"
"2", "delta", 2513, 2209.78081097404, 65873.6381686348, 80, "middle2", "4-186"
"3", "onestage", 2513, 2277.58370829364, 187836.740376467, 80, "middle2", "4-186"
"1", "varprop", 2500, 2449.41841715419, 211839.287838707, 80, "middle2", "4-66"
"2", "delta", 2500, 2234.71271272097, 68871.9022098908, 80, "middle2", "4-66"
"3", "onestage", 2500, 2497.07785192791, 235835.227524918, 80, "middle2", "4-66"
"1", "varprop", 2567, 2386.51415526447, 217661.028669787, 74, "middle2", "4-106"
"2", "delta", 2567, 1944.59893026076, 56737.1440900561, 74, "middle2", "4-106"
"3", "onestage", 2567, 2291.60170612385, 190189.223277998, 74, "middle2", "4-106"
"1", "varprop", 2560, 2350.32733017813, 166338.153056513, 79, "middle2", "4-26"
"2", "delta", 2560, 2039.92537873914, 57237.4888640884, 79, "middle2", "4-26"
"3", "onestage", 2560, 2331.06223079103, 188718.17988393, 79, "middle2", "4-26"
"1", "varprop", 2518, 2454.77097897976, 233799.917446721, 82, "middle2", "4-146"
"2", "delta", 2518, 2402.2264111342, 74279.9965822553, 82, "middle2", "4-146"
"3", "onestage", 2518, 2411.82094946863, 202434.603940312, 82, "middle2", "4-146"
"1", "varprop", 2570, 1830.31952694074, 101706.145477656, 77, "middle2", "4-187"
"2", "delta", 2570, 1676.61941450951, 40015.8486058561, 77, "middle2", "4-187"
"3", "onestage", 2570, 1847.91715390266, 120983.005329202, 77, "middle2", "4-187"
"1", "varprop", 2486, 1688.64316365459, 114237.077638213, 67, "middle2", "4-67"
"2", "delta", 2486, 1548.75148138078, 38435.2418970827, 67, "middle2", "4-67"
"3", "onestage", 2486, 1640.80270554191, 118827.031763931, 67, "middle2", "4-67"
"1", "varprop", 2542, 1960.52612749419, 130315.80906835, 78, "middle2", "4-107"
"2", "delta", 2542, 1917.91242065213, 52418.1494161857, 78, "middle2", "4-107"
"3", "onestage", 2542, 2111.23876264636, 144641.004078684, 78, "middle2", "4-107"
"1", "varprop", 2530, 2240.42079419035, 154351.771223132, 79, "middle2", "4-27"
"2", "delta", 2530, 2015.42369343374, 55889.2222237441, 79, "middle2", "4-27"
"3", "onestage", 2530, 2112.64289523277, 138349.133588365, 79, "middle2", "4-27"
"1", "varprop", 2531, 2224.77733883123, 157541.026054768, 82, "middle2", "4-147"
"2", "delta", 2531, 2193.68476150375, 64253.0369991862, 82, "middle2", "4-147"
"3", "onestage", 2531, 2299.64611645212, 177121.179255161, 82, "middle2", "4-147"
"1", "varprop", 2500, 2355.61418993157, 178730.141345122, 78, "middle2", "4-188"
"2", "delta", 2500, 2125.25741482963, 63343.7223219994, 78, "middle2", "4-188"
"3", "onestage", 2500, 2377.1834648164, 193755.730395203, 78, "middle2", "4-188"
"1", "varprop", 2529, 2471.8041585219, 207042.491529939, 74, "middle2", "4-68"
"2", "delta", 2529, 2304.29791532322, 78146.2593509268, 74, "middle2", "4-68"
"3", "onestage", 2529, 2410.83986685501, 247704.491745054, 74, "middle2", "4-68"
"1", "varprop", 2487, 2570.77562994453, 226689.985831656, 76, "middle2", "4-108"
"2", "delta", 2487, 2422.05746545153, 83014.3768867144, 76, "middle2", "4-108"
"3", "onestage", 2487, 2668.12854379447, 262488.360359751, 76, "middle2", "4-108"
"1", "varprop", 2491, 2431.32641047758, 227334.226920991, 80, "middle2", "4-28"
"2", "delta", 2491, 2118.14644443342, 61427.5973952688, 80, "middle2", "4-28"
"3", "onestage", 2491, 2334.66847462471, 177321.093511236, 80, "middle2", "4-28"
"1", "varprop", 2474, 1883.86230884318, 127238.696922475, 70, "middle2", "4-148"
"2", "delta", 2474, 1716.64598669309, 44902.7986905035, 70, "middle2", "4-148"
"3", "onestage", 2474, 1957.64510902992, 163433.403302089, 70, "middle2", "4-148"
"1", "varprop", 2499, 2574.77756061233, 192761.451663783, 98, "middle2", "4-189"
"2", "delta", 2499, 2330.44358500186, 60732.1241246213, 98, "middle2", "4-189"
"3", "onestage", 2499, 2668.99644710454, 188648.504989175, 98, "middle2", "4-189"
"1", "varprop", 2501, 1812.64852384725, 95623.6635026636, 78, "middle2", "4-69"
"2", "delta", 2501, 1674.29631492103, 39340.8724711407, 78, "middle2", "4-69"
"3", "onestage", 2501, 2080.83448212791, 168643.582165912, 78, "middle2", "4-69"
"1", "varprop", 2512, 2286.83072494641, 179250.058635493, 78, "middle2", "4-109"
"2", "delta", 2512, 2263.63462272767, 70212.1736450459, 78, "middle2", "4-109"
"3", "onestage", 2512, 2210.71334089416, 208038.580588431, 78, "middle2", "4-109"
"1", "varprop", 2468, 2296.24425237759, 167570.012639533, 86, "middle2", "4-29"
"2", "delta", 2468, 2256.22878733278, 65271.2911704957, 86, "middle2", "4-29"
"3", "onestage", 2468, 2301.22570688695, 179408.876226157, 86, "middle2", "4-29"
"1", "varprop", 2612, 2519.67939895207, 194880.530286942, 91, "middle2", "4-149"
"2", "delta", 2612, 2336.83869636233, 67796.4514345988, 91, "middle2", "4-149"
"3", "onestage", 2612, 2495.06798296103, 196452.551722433, 91, "middle2", "4-149"
"1", "varprop", 2477, 2258.02171531619, 185356.001998489, 72, "middle2", "4-190"
"2", "delta", 2477, 2058.01604741737, 62537.9026103422, 72, "middle2", "4-190"
"3", "onestage", 2477, 2142.14170678301, 187896.341978299, 72, "middle2", "4-190"
"1", "varprop", 2534, 1905.75956408563, 106177.444798694, 82, "middle2", "4-70"
"2", "delta", 2534, 1842.47620185224, 45102.915277141, 82, "middle2", "4-70"
"3", "onestage", 2534, 1956.50114480601, 143805.858182491, 82, "middle2", "4-70"
"1", "varprop", 2395, 2582.54338046209, 230579.369111254, 78, "middle2", "4-110"
"2", "delta", 2395, 2478.11442247189, 86811.2419095054, 78, "middle2", "4-110"
"3", "onestage", 2395, 2524.84061989633, 218412.099731647, 78, "middle2", "4-110"
"1", "varprop", 2468, 3197.77515034865, 371193.566876282, 72, "middle2", "4-30"
"2", "delta", 2468, 2643.27005346979, 104969.173107845, 72, "middle2", "4-30"
"3", "onestage", 2468, 2834.13760740387, 279400.883159158, 72, "middle2", "4-30"
"1", "varprop", 2443, 1521.4086915918, 111120.611324762, 80, "middle2", "4-150"
"2", "delta", 2443, 1522.89345832112, 31394.2879264634, 80, "middle2", "4-150"
"3", "onestage", 2443, 1274.15928114549, 39142.7652976508, 80, "middle2", "4-150"
"1", "varprop", 2568, 2364.41136581409, 188240.404833037, 78, "middle2", "4-191"
"2", "delta", 2568, 2235.32962955926, 70430.8217494042, 78, "middle2", "4-191"
"3", "onestage", 2568, 2337.47148559654, 191036.820031676, 78, "middle2", "4-191"
"1", "varprop", 2441, 2489.27031921298, 202712.546023298, 87, "middle2", "4-71"
"2", "delta", 2441, 2412.56048302539, 72393.3128358972, 87, "middle2", "4-71"
"3", "onestage", 2441, 2451.46895515662, 210097.281808248, 87, "middle2", "4-71"
"1", "varprop", 2476, 2574.58086267125, 236837.28562062, 81, "middle2", "4-111"
"2", "delta", 2476, 2366.9074522297, 77613.9965982179, 81, "middle2", "4-111"
"3", "onestage", 2476, 2572.4104104171, 210519.147087564, 81, "middle2", "4-111"
"1", "varprop", 2509, 2536.0266535301, 213666.874508862, 75, "middle2", "4-31"
"2", "delta", 2509, 2295.24838884168, 78015.6430218519, 75, "middle2", "4-31"
"3", "onestage", 2509, 2409.28485199761, 217701.479439295, 75, "middle2", "4-31"
"1", "varprop", 2558, 2505.91451797992, 203602.176598041, 85, "middle2", "4-151"
"2", "delta", 2558, 2047.24616536361, 52871.8731606918, 85, "middle2", "4-151"
"3", "onestage", 2558, 2297.70515432752, 183243.96160205, 85, "middle2", "4-151"
"1", "varprop", 2494, 2508.93316410435, 170863.459151438, 81, "middle2", "4-192"
"2", "delta", 2494, 2168.23047006908, 64102.5018087897, 81, "middle2", "4-192"
"3", "onestage", 2494, 2711.64171214364, 253211.700922568, 81, "middle2", "4-192"
"1", "varprop", 2564, 3257.99916775005, 365992.548029441, 77, "middle2", "4-72"
"2", "delta", 2564, 2887.20233997571, 120318.198012029, 77, "middle2", "4-72"
"3", "onestage", 2564, 3113.60834963021, 306063.369981478, 77, "middle2", "4-72"
"1", "varprop", 2451, 1844.1589520043, 146158.778114388, 64, "middle2", "4-112"
"2", "delta", 2451, 1611.58428329388, 44010.3056949006, 64, "middle2", "4-112"
"3", "onestage", 2451, 1733.29814514282, 148304.917217174, 64, "middle2", "4-112"
"1", "varprop", 2494, 2694.15703670848, 234268.118866726, 81, "middle2", "4-32"
"2", "delta", 2494, 2375.03354401175, 78182.453329004, 81, "middle2", "4-32"
"3", "onestage", 2494, 2705.89234574125, 223622.416605611, 81, "middle2", "4-32"
"1", "varprop", 2474, 1887.35505074744, 102391.440077102, 85, "middle2", "4-152"
"2", "delta", 2474, 1820.48254870601, 42092.3872825833, 85, "middle2", "4-152"
"3", "onestage", 2474, 2015.64529925738, 170483.081568092, 85, "middle2", "4-152"
"1", "varprop", 2520, 2917.44801263995, 265527.930121577, 84, "middle2", "4-193"
"2", "delta", 2520, 2588.47135918528, 85973.9061415876, 84, "middle2", "4-193"
"3", "onestage", 2520, 2684.76806178388, 256351.38006263, 84, "middle2", "4-193"
"1", "varprop", 2471, 2561.7269473977, 227314.274445408, 70, "middle2", "4-113"
"2", "delta", 2471, 2217.75678057254, 75360.5501431343, 70, "middle2", "4-113"
"3", "onestage", 2471, 2464.86737649759, 218509.715988997, 70, "middle2", "4-113"
"1", "varprop", 2554, 2100.63335681343, 167656.85674247, 82, "middle2", "4-73"
"2", "delta", 2554, 1947.91708677459, 50481.2752655151, 82, "middle2", "4-73"
"3", "onestage", 2554, 1978.93269546359, 146617.035065967, 82, "middle2", "4-73"
"1", "varprop", 2439, 2229.54014177607, 192687.994445624, 78, "middle2", "4-33"
"2", "delta", 2439, 2208.51059293775, 67859.834167528, 78, "middle2", "4-33"
"3", "onestage", 2439, 2116.92279925664, 235618.513679804, 78, "middle2", "4-33"
"1", "varprop", 2488, 2213.30517863267, 183506.068523901, 73, "middle2", "4-153"
"2", "delta", 2488, 1957.77420207496, 56284.8403824027, 73, "middle2", "4-153"
"3", "onestage", 2488, 2124.90363767311, 181546.423933401, 73, "middle2", "4-153"
"1", "varprop", 2536, 2551.22768843135, 191043.40718942, 86, "middle2", "4-194"
"2", "delta", 2536, 2153.13312903885, 58694.7013848116, 86, "middle2", "4-194"
"3", "onestage", 2536, 2339.73447111802, 174529.717565078, 86, "middle2", "4-194"
"1", "varprop", 2544, 3382.2177178431, 340402.912025289, 88, "middle2", "4-114"
"2", "delta", 2544, 2991.5128399565, 113908.383366711, 88, "middle2", "4-114"
"3", "onestage", 2544, 3553.87197422378, 388655.441553025, 88, "middle2", "4-114"
"1", "varprop", 2477, 2017.78383558178, 135252.788454231, 87, "middle2", "4-74"
"2", "delta", 2477, 1921.98646756277, 45320.5883658082, 87, "middle2", "4-74"
"3", "onestage", 2477, 1944.45034757462, 120329.497186645, 87, "middle2", "4-74"
"1", "varprop", 2399, 1907.37935553129, 144640.079870784, 78, "middle2", "4-34"
"2", "delta", 2399, 1802.41358603679, 45564.0281677518, 78, "middle2", "4-34"
"3", "onestage", 2399, 1841.83380281149, 149316.688358738, 78, "middle2", "4-34"
"1", "varprop", 2524, 2772.09081813906, 264156.867104027, 77, "middle2", "4-154"
"2", "delta", 2524, 2473.1378849639, 88777.6968137933, 77, "middle2", "4-154"
"3", "onestage", 2524, 2582.17109788285, 254452.480761113, 77, "middle2", "4-154"
"1", "varprop", 2530, 3399.05016826078, 313720.593874579, 83, "middle2", "4-195"
"2", "delta", 2530, 3255.16958929577, 141455.103912801, 83, "middle2", "4-195"
"3", "onestage", 2530, 3423.73416083641, 317971.791261965, 83, "middle2", "4-195"
"1", "varprop", 2523, 2487.56693774204, 211686.672974753, 75, "middle2", "4-75"
"2", "delta", 2523, 2144.23080351054, 65452.7021163905, 75, "middle2", "4-75"
"3", "onestage", 2523, 2339.49591179415, 172987.991518276, 75, "middle2", "4-75"
"1", "varprop", 2467, 2296.87270585831, 199953.782153097, 81, "middle2", "4-115"
"2", "delta", 2467, 2159.79195637197, 62998.8392396322, 81, "middle2", "4-115"
"3", "onestage", 2467, 2196.06251456626, 186619.49837533, 81, "middle2", "4-115"
"1", "varprop", 2472, 2001.20328271197, 112618.953026597, 89, "middle2", "4-35"
"2", "delta", 2472, 1929.01985467718, 46767.8055949568, 89, "middle2", "4-35"
"3", "onestage", 2472, 2013.72006686275, 144835.99989628, 89, "middle2", "4-35"
"1", "varprop", 2518, 2892.45132496941, 242219.882084308, 90, "middle2", "4-155"
"2", "delta", 2518, 2808.60753525351, 95205.8396096042, 90, "middle2", "4-155"
"3", "onestage", 2518, 2861.91413704886, 250686.649212923, 90, "middle2", "4-155"
"1", "varprop", 2478, 2191.18668263102, 202341.130235223, 71, "middle2", "4-196"
"2", "delta", 2478, 2177.09810163313, 71569.1209975285, 71, "middle2", "4-196"
"3", "onestage", 2478, 2147.2741549725, 235019.726346787, 71, "middle2", "4-196"
"1", "varprop", 2398, 1739.73982242311, 101244.983598644, 73, "middle2", "4-116"
"2", "delta", 2398, 1593.42847880987, 37983.1632285236, 73, "middle2", "4-116"
"3", "onestage", 2398, 1655.92999263156, 104361.832629282, 73, "middle2", "4-116"
"1", "varprop", 2502, 3570.72631986626, 441229.627398011, 87, "middle2", "4-76"
"2", "delta", 2502, 2921.00162014784, 104730.719098927, 87, "middle2", "4-76"
"3", "onestage", 2502, 3199.03597762925, 300664.594134367, 87, "middle2", "4-76"
"1", "varprop", 2515, 3563.91494735507, 325489.05796301, 103, "middle2", "4-36"
"2", "delta", 2515, 3334.28559214524, 118523.247892087, 103, "middle2", "4-36"
"3", "onestage", 2515, 3762.79627126135, 359836.049408385, 103, "middle2", "4-36"
"1", "varprop", 2540, 2571.90094760299, 217636.907636926, 83, "middle2", "4-156"
"2", "delta", 2540, 2430.61913695147, 76491.0071756419, 83, "middle2", "4-156"
"3", "onestage", 2540, 2450.62199465276, 198565.408374339, 83, "middle2", "4-156"
"1", "varprop", 2481, 2200.8596046117, 167463.362730617, 85, "middle2", "4-197"
"2", "delta", 2481, 2167.56909783328, 59709.7162632436, 85, "middle2", "4-197"
"3", "onestage", 2481, 2238.16345188565, 199484.963620236, 85, "middle2", "4-197"
"1", "varprop", 2565, 2888.92913429692, 255228.958110658, 76, "middle2", "4-117"
"2", "delta", 2565, 2525.38103621412, 93287.4859923103, 76, "middle2", "4-117"
"3", "onestage", 2565, 2780.41167826217, 255152.873539093, 76, "middle2", "4-117"
"1", "varprop", 2545, 2038.15283043152, 149498.286334043, 83, "middle2", "4-77"
"2", "delta", 2545, 1852.622180583, 44303.2227289828, 83, "middle2", "4-77"
"3", "onestage", 2545, 2000.51075234372, 139301.582373591, 83, "middle2", "4-77"
"1", "varprop", 2507, 2420.485888141, 187498.352038919, 76, "middle2", "4-37"
"2", "delta", 2507, 2299.20646130086, 75666.6592435548, 76, "middle2", "4-37"
"3", "onestage", 2507, 2340.78719905348, 180630.99437896, 76, "middle2", "4-37"
"1", "varprop", 2478, 1886.91656431659, 108801.655591277, 80, "middle2", "4-157"
"2", "delta", 2478, 1895.60239434534, 49362.0425949336, 80, "middle2", "4-157"
"3", "onestage", 2478, 1975.17752960026, 143805.650569158, 80, "middle2", "4-157"
"1", "varprop", 2496, 2896.56899880321, 367740.71865345, 67, "middle2", "4-198"
"2", "delta", 2496, 2379.62754888671, 95017.336951978, 67, "middle2", "4-198"
"3", "onestage", 2496, 2529.4075758821, 250515.640394026, 67, "middle2", "4-198"
"1", "varprop", 2456, 1735.98416023967, 105418.079834563, 73, "middle2", "4-78"
"2", "delta", 2456, 1660.68674272161, 40774.7963707078, 73, "middle2", "4-78"
"3", "onestage", 2456, 1693.40619296246, 122457.378114931, 73, "middle2", "4-78"
"1", "varprop", 2355, 2410.23299817177, 201219.759003165, 86, "middle2", "4-118"
"2", "delta", 2355, 2396.62794126094, 73573.7871736352, 86, "middle2", "4-118"
"3", "onestage", 2355, 2368.95317865009, 174363.294691381, 86, "middle2", "4-118"
"1", "varprop", 2573, 2289.07741706772, 170585.785027559, 79, "middle2", "4-38"
"2", "delta", 2573, 2262.91246534286, 69831.5634870391, 79, "middle2", "4-38"
"3", "onestage", 2573, 2277.14983295876, 176703.93661846, 79, "middle2", "4-38"
"1", "varprop", 2463, 3695.78557249385, 383452.008085478, 94, "middle2", "4-158"
"2", "delta", 2463, 3375.62013492882, 133218.291139522, 94, "middle2", "4-158"
"3", "onestage", 2463, 3720.00517857938, 360987.432448958, 94, "middle2", "4-158"
"1", "varprop", 2558, 2429.2450393461, 174232.710785413, 79, "middle2", "4-199"
"2", "delta", 2558, 2380.5589246781, 77947.5321238404, 79, "middle2", "4-199"
"3", "onestage", 2558, 2408.63809805146, 191631.067808414, 79, "middle2", "4-199"
"1", "varprop", 2565, 2304.71269260468, 216040.804432472, 73, "middle2", "4-79"
"2", "delta", 2565, 2306.29513582015, 81452.9733937314, 73, "middle2", "4-79"
"3", "onestage", 2565, 2246.23223575791, 194800.225318947, 73, "middle2", "4-79"
"1", "varprop", 2540, 2689.26525102758, 232909.612673169, 91, "middle2", "4-119"
"2", "delta", 2540, 2445.12060056094, 71356.2621087483, 91, "middle2", "4-119"
"3", "onestage", 2540, 2801.99459280207, 222068.337780681, 91, "middle2", "4-119"
"1", "varprop", 2506, 2489.82946867536, 210539.059347016, 85, "middle2", "4-39"
"2", "delta", 2506, 2097.94649141411, 55918.2548755209, 85, "middle2", "4-39"
"3", "onestage", 2506, 2274.70616193244, 154941.815025406, 85, "middle2", "4-39"
"1", "varprop", 2465, 2340.46820029666, 174852.624121778, 81, "middle2", "4-159"
"2", "delta", 2465, 2054.07253549045, 57419.7825735315, 81, "middle2", "4-159"
"3", "onestage", 2465, 2245.75074677458, 154506.807259369, 81, "middle2", "4-159"
"1", "varprop", 2488, 1653.08872741863, 85732.7700710617, 74, "middle2", "4-200"
"2", "delta", 2488, 1532.82405497398, 36021.7238720273, 74, "middle2", "4-200"
"3", "onestage", 2488, 1647.98865346372, 116176.922161845, 74, "middle2", "4-200"
"1", "varprop", 2527, 2408.41667552058, 195824.774024182, 75, "middle2", "4-80"
"2", "delta", 2527, 2034.26093739976, 61578.2014728947, 75, "middle2", "4-80"
"3", "onestage", 2527, 2161.08861809881, 167989.695916284, 75, "middle2", "4-80"
"1", "varprop", 2555, 2084.3594723111, 161282.618230797, 77, "middle2", "4-120"
"2", "delta", 2555, 2045.58265546537, 58741.4594074278, 77, "middle2", "4-120"
"3", "onestage", 2555, 1994.01322159847, 183728.540394398, 77, "middle2", "4-120"
"1", "varprop", 2531, 2434.58786045268, 185785.22037551, 86, "middle2", "4-40"
"2", "delta", 2531, 2252.85522895446, 64683.607375629, 86, "middle2", "4-40"
"3", "onestage", 2531, 2436.61178214649, 194333.14322744, 86, "middle2", "4-40"
"1", "varprop", 2467, 2640.56195557922, 229109.178040537, 77, "middle2", "4-160"
"2", "delta", 2467, 2495.11331947315, 89735.3054644974, 77, "middle2", "4-160"
"3", "onestage", 2467, 2622.63253099575, 218708.84748783, 77, "middle2", "4-160"
